許可證字號,形狀,顏色
內衛成製字第000075號,圓形,白
內衛成製字第000386號,其他,棕
內衛成製字第000726號,圓形,黃
內衛成製字第001331號,顆粒劑、粉劑或散劑,棕
內衛成製字第001725號,顆粒劑、粉劑或散劑;;;顆粒劑、粉劑或散劑,棕;;;棕
內衛藥製字第000055號,圓形,橘
內衛藥製字第000102號,圓形,黑
內衛藥製字第000107號,膠囊,藍;;;透明
內衛藥製字第000140號,圓形,黃
內衛藥製字第000141號,圓形,白
內衛藥製字第000162號,六邊形,白
內衛藥製字第000164號,圓形,白
內衛藥製字第000258號,膠囊;;;膠囊,藍;;;白;;;藍;;;白
內衛藥製字第000261號,圓形,黃
內衛藥製字第000278號,圓形,黃
內衛藥製字第000286號,橢圓形,綠
內衛藥製字第000288號,圓形,白
內衛藥製字第000373號,圓形,綠
內衛藥製字第000394號,圓形,粉
內衛藥製字第000482號,其他,綠
內衛藥製字第000711號,圓形,白;;;白
衛部藥製字第060905號,橢圓形,黃
衛部藥製字第060906號,圓形,黃
衛部藥製字第060911號,三角形,白
衛部藥製字第060921號,橢圓形,黃
衛部藥製字第060922號,橢圓形,黃
衛部藥製字第060931號,圓形,粉
衛部藥製字第060950號,橢圓形,黃
衛部藥製字第060991號,顆粒劑、粉劑或散劑,棕
衛部藥製字第060993號,圓形,黃
衛部藥製字第061002號,圓形,白
衛部藥製字第061020號,圓形,黃
衛部藥製字第061021號,,;;;
衛部藥製字第061023號,液劑(包含糖漿用粉劑);;;液劑(包含糖漿用粉劑),透明;;;藍
衛部藥製字第061025號,圓形,白
衛部藥製字第061026號,四邊形,橘
衛部藥製字第061027號,橢圓形,橘
衛部藥製字第061031號,,
衛部藥製字第061032號,橢圓形,黃
衛部藥製字第061038號,圓形,粉
衛部藥製字第061039號,,
衛部藥製字第061040號,圓形,黃;;;黃
衛部藥製字第061042號,膠囊,黃;;;白
衛部藥製字第061043號,圓形,白
衛部藥製字第061044號,橢圓形,白
衛部藥製字第061045號,,
衛部藥製字第061048號,圓形,白
衛部藥製字第061052號,膠囊,白;;;白
衛部藥製字第061056號,圓形,粉
衛部藥製字第061057號,圓形,棕
衛部藥製字第061058號,圓形,黃
衛部藥製字第061063號,圓形,黃
衛部藥製字第061067號,液劑(包含糖漿用粉劑),橘
衛部藥製字第061075號,橢圓形,粉
衛部藥製字第061091號,四邊形,白
衛部藥製字第061095號,圓形,藍
衛部藥製字第061096號,橢圓形,白
衛部藥製字第061099號,橢圓形,白
衛部藥製字第061100號,圓形,白
衛部藥製字第061107號,圓形,白
衛部藥製字第061108號,其他,白
衛部藥製字第061116號,圓形,白
衛部藥製字第061120號,圓形,黃
衛部藥製字第061127號,圓形,黃
衛部藥製字第061133號,圓形,粉
衛部藥製字第061134號,顆粒劑、粉劑或散劑,橘
衛部藥製字第061136號,四邊形,粉
衛部藥製字第061138號,,
衛部藥製字第061144號,膠囊,藍;;;藍
衛部藥製字第061146號,圓形,黃
衛部藥製字第061147號,橢圓形,黃
衛部藥製字第061150號,其他,白
衛部藥製字第061151號,膠囊,橘;;;橘
衛部藥製字第061152號,膠囊,黃;;;黃
衛部藥製字第061157號,膠囊,藍綠;;;藍綠
衛部藥製字第061163號,圓形,灰
衛部藥製字第061165號,膠囊,白;;;白
衛部藥製字第061169號,圓形,白
衛部藥製字第061171號,四邊形,白
衛部藥製字第061172號,顆粒劑、粉劑或散劑,橘
衛部藥製字第061173號,圓形,粉
衛部藥製字第061185號,橢圓形,橘
衛部藥製字第061186號,圓形,黃
衛部藥製字第061187號,,
衛部藥製字第061188號,圓形,黃
衛部藥製字第061395號,圓形,黃
衛部藥製字第061396號,圓形,黃
衛部藥製字第061412號,液劑(包含糖漿用粉劑),透明
衛部藥製字第061413號,圓形,黃
衛部藥製字第061414號,膠囊,黃;;;白
衛部藥製字第061415號,液劑(包含糖漿用粉劑),白
衛部藥製字第061416號,三角形,綠
衛部藥製字第061418號,橢圓形,紅
衛部藥製字第061419號,圓形,白
衛部藥製字第061420號,膠囊,藍;;;粉
衛部藥製字第061424號,橢圓形,粉
衛部藥製字第061429號,圓形,白
衛部藥製字第061433號,圓形,黃
衛部藥製字第061435號,圓形,白
衛部藥製字第061446號,橢圓形,白
衛部藥製字第061447號,膠囊,藍;;;白
衛部藥製字第061449號,圓形,白
衛部藥製字第061459號,四邊形,藍
衛部藥製字第061460號,圓形,白
衛部藥製字第061461號,顆粒劑、粉劑或散劑,白
衛部藥製字第061464號,顆粒劑、粉劑或散劑,白
衛部藥製字第061466號,圓形,黃
衛部藥製字第061474號,,
衛部藥製字第061475號,液劑(包含糖漿用粉劑),
衛部藥製字第061476號,圓形,白
衛部藥製字第061478號,圓形,白
衛部藥製字第061480號,顆粒劑、粉劑或散劑,白
衛部藥製字第061481號,膠囊,黃;;;灰
衛部藥製字第061483號,圓形,粉
衛部藥製字第061484號,液劑(包含糖漿用粉劑),白
衛部藥製字第061486號,圓形,黃
衛部藥製字第061487號,圓形,白
衛部藥製字第061488號,其他,白;;;白
衛部藥製字第061491號,圓形,黃
衛部藥製字第061492號,橢圓形,黃
衛部藥製字第061493號,圓形,黃
衛部藥製字第061494號,橢圓形,白
衛部藥製字第061500號,橢圓形,橘
衛部藥製字第061502號,橢圓形,藍
衛部藥製字第061505號,橢圓形,白
衛部藥製字第061506號,,
衛部藥製字第061513號,圓形,白
衛部藥製字第061514號,橢圓形,白
衛部藥製字第061517號,液劑(包含糖漿用粉劑),粉
衛部藥製字第061560號,膠囊,橘;;;橘
衛部藥製字第061518號,,
衛部藥製字第061519號,液劑(包含糖漿用粉劑),白
衛部藥製字第061522號,圓形,橘
衛部藥製字第061523號,圓形,白
衛部藥製字第061524號,圓形,粉
衛部藥製字第061526號,圓形,白
衛部藥製字第061527號,圓形,黃
衛部藥製字第061528號,液劑(包含糖漿用粉劑);;;液劑(包含糖漿用粉劑),透明;;;透明
衛部藥製字第061532號,,
衛部藥製字第061533號,橢圓形,黃
衛部藥製字第061537號,液劑(包含糖漿用粉劑),透明;;;透明
衛部藥製字第061540號,,
衛部藥製字第061541號,顆粒劑、粉劑或散劑,白
衛部藥製字第061546號,其他,白;;;白
衛部藥製字第061548號,顆粒劑、粉劑或散劑,白
衛部藥製字第061549號,水滴形,黃
衛部藥製字第061550號,水滴形,黃
衛部藥製字第061554號,圓形,粉
衛部藥製字第061556號,顆粒劑、粉劑或散劑,白
衛部藥製字第061562號,四邊形,黃
衛部藥製字第061563號,圓形,白
衛部藥製字第061566號,圓形,粉
衛部藥製字第061569號,,;;;
衛部藥製字第061570號,,;;;
衛部藥製字第061573號,圓形,綠
衛部藥製字第061574號,四邊形,白
衛部藥製字第061579號,,
衛部藥製字第061581號,,
衛部藥製字第061582號,,
衛部藥製字第061587號,膠囊,紅;;;紅
衛部藥製字第061588號,圓形,橘
衛部藥製字第061589號,液劑(包含糖漿用粉劑),透明
衛部藥製字第061590號,圓形,黃;;;黃
衛部藥製字第061591號,圓形,白
衛部藥製字第061592號,顆粒劑、粉劑或散劑,粉
衛部藥製字第061795號,圓形,橘
衛部藥製字第061796號,其他,白
衛部藥製字第061799號,其他,白
衛部藥製字第061804號,四邊形,黃
衛部藥製字第061805號,圓形,白
衛部藥製字第061807號,,
衛部藥製字第061808號,圓形,白
衛部藥製字第061809號,橢圓形,白
衛部藥製字第061811號,其他,透明
衛部藥製字第061812號,,
衛部藥製字第061813號,圓形,白
衛部藥製字第061814號,圓形,白
衛部藥製字第061816號,其他,透明;;;透明
衛部藥製字第061817號,膠囊,藍;;;綠
衛部藥製字第061819號,其他,透明
衛部藥製字第061822號,圓形,白;;;白
衛部藥製字第061823號,圓形,黃
衛部藥製字第061825號,,
衛部藥製字第061829號,圓形,黃
衛部藥製字第061830號,其他,白
衛部藥製字第061831號,圓形,白
衛部藥製字第061834號,圓形,白
衛部藥製字第061836號,膠囊,橘
衛部藥製字第061839號,膠囊,橘;;;粉
衛部藥製字第061840號,,
衛部藥製字第061841號,圓形,黃
衛部藥製字第061844號,橢圓形,黃
衛部藥製字第061849號,液劑(包含糖漿用粉劑),透明
衛署藥製字第024703號,膠囊,綠;;;白
衛署藥製字第024706號,圓形,白
衛署藥製字第024708號,圓形,白
衛署藥製字第024730號,橢圓形,白
衛署藥製字第024740號,圓形,白
衛署藥製字第024742號,圓形,白
衛署藥製字第024754號,圓形,白
衛署藥製字第024757號,橢圓形,黃
衛署藥製字第024766號,膠囊,藍;;;白
衛署藥製字第024789號,膠囊,紅;;;白
衛署藥製字第024817號,圓形,粉
衛署藥製字第024837號,橢圓形,黃
衛署藥製字第024838號,膠囊,紅;;;紅
衛署藥製字第024841號,膠囊,紅;;;粉
衛署藥製字第024843號,圓形,綠
衛署藥製字第024866號,圓形,藍
衛署藥製字第024885號,圓形,白
衛署藥製字第024889號,液劑(包含糖漿用粉劑),棕
衛署藥製字第024894號,圓形,白
衛署藥製字第024944號,圓形,粉
衛署藥製字第024957號,圓形,綠
衛署藥製字第024958號,圓形,黃
衛署藥製字第024964號,圓形,白
衛署藥製字第024974號,圓形,白
衛署藥製字第024995號,圓形,白
衛署藥製字第025008號,膠囊,紅;;;白
衛署藥製字第025025號,圓形,黃
衛署藥製字第025058號,圓形,白
衛署藥製字第025079號,膠囊,黑;;;黃
衛署藥製字第025081號,圓形,藍
衛署藥製字第025083號,膠囊,藍;;;白
衛署藥製字第025089號,四邊形,粉
衛署藥製字第025095號,圓形,藍
衛署藥製字第025096號,圓形,白
衛署藥製字第025118號,圓形,白
衛署藥製字第025159號,圓形,白
衛署藥製字第025167號,膠囊,綠;;;黃
衛署藥製字第025191號,圓形,粉
衛署藥製字第025195號,圓形,白
衛署藥製字第025196號,圓形,白
衛署藥製字第025202號,膠囊,黑;;;黃
衛署藥製字第025209號,膠囊,紅;;;黃
衛署藥製字第025223號,橢圓形,黃
衛署藥製字第025230號,膠囊,白;;;白
衛署藥製字第025231號,膠囊,紅;;;白
衛署藥製字第025243號,圓形,白
衛署藥製字第025254號,圓形,白
衛署藥製字第025275號,膠囊,紅;;;白
衛署藥製字第025279號,四邊形,白
衛署藥製字第025301號,膠囊,橘;;;橘
衛署藥製字第025304號,圓形,白
衛署藥製字第025314號,膠囊,藍;;;白
衛署藥製字第025316號,膠囊,橘;;;黃
衛署藥製字第025349號,膠囊,藍;;;白
衛署藥製字第025363號,圓形,橘
衛署藥製字第025365號,圓形,粉
衛署藥製字第025370號,顆粒劑、粉劑或散劑,白
衛署藥製字第025377號,圓形,白
衛署藥製字第025388號,膠囊,藍;;;白
衛署藥製字第025396號,橢圓形,黃
衛署藥製字第025419號,圓形,白
衛署藥製字第025447號,圓形,橘
衛署藥製字第025450號,圓形,粉
衛署藥製字第025460號,橢圓形,橘;;;黃
衛署藥製字第025466號,橢圓形,橘
衛署藥製字第025467號,圓形,白
衛署藥製字第025514號,液劑(包含糖漿用粉劑),橘
衛署藥製字第025517號,四邊形,白
衛署藥製字第025520號,圓形,黃
衛署藥製字第025524號,圓形,橘
衛署藥製字第025525號,圓形,棕
衛署藥製字第025547號,圓形,白
衛署藥製字第025548號,圓形,白
衛署藥製字第025555號,圓形,白
衛署藥製字第025581號,膠囊,紫;;;藍綠
衛署藥製字第025587號,圓形,黃
衛署藥製字第025590號,圓形,黃
衛署藥製字第025601號,圓形,白
衛署藥製字第025613號,膠囊,紅;;;透明
衛署藥製字第025617號,膠囊,橘;;;橘
衛署藥製字第025623號,圓形,白
衛署藥製字第025629號,圓形,白
衛署藥製字第025644號,圓形,黃
衛署藥製字第025649號,圓形;;;圓形,黃;;;白
衛署藥製字第025659號,膠囊,橘;;;橘
衛署藥製字第025692號,膠囊,紅;;;白
衛署藥製字第025698號,膠囊,黑;;;紅
衛署藥製字第025714號,圓形,白
衛署藥製字第025715號,圓形,白
衛署藥製字第025716號,膠囊,橘;;;黃
衛署藥製字第025754號,膠囊,紅;;;綠
衛署藥製字第025784號,液劑(包含糖漿用粉劑),棕
衛署藥製字第025789號,膠囊,紅;;;白
衛署藥製字第025817號,膠囊,紅;;;藍
衛署藥製字第025828號,膠囊,紅;;;藍
衛署藥製字第025834號,膠囊,黃;;;白
衛署藥製字第025835號,圓形,藍
衛署藥製字第025837號,五邊形,橘
衛署藥製字第025840號,圓形,橘
衛署藥製字第025841號,圓形,黃
衛署藥製字第025842號,圓形,白
衛署藥製字第025856號,圓形,白
衛署藥製字第025866號,膠囊,紅;;;黃
衛署藥製字第025870號,圓形,白
衛署藥製字第025882號,圓形,黃
衛署藥製字第025898號,圓形,黃
衛署藥製字第025905號,圓形,綠
衛署藥製字第025925號,圓形,白
衛署藥製字第025939號,膠囊,綠;;;黃
衛署藥製字第025941號,圓形,藍
衛署藥製字第025965號,橢圓形,綠
衛署藥製字第025993號,圓形,橘
衛署藥製字第026007號,圓形,橘
衛署藥製字第026010號,膠囊,紅;;;透明
衛署藥製字第026026號,膠囊,紅;;;黃
衛署藥製字第026033號,圓形,白
衛署藥製字第026056號,橢圓形;;;橢圓形,白;;;黃
衛署藥製字第026061號,圓形,橘
衛署藥製字第026073號,圓形,白
衛署藥製字第026078號,圓形,藍
衛署藥製字第026079號,圓形,綠
衛署藥製字第026080號,圓形,粉
衛署藥製字第026093號,橢圓形,橘
衛署藥製字第026103號,膠囊,藍;;;橘
衛署藥製字第026114號,膠囊,綠;;;灰
衛署藥製字第026115號,膠囊,綠;;;灰
衛署藥製字第026127號,圓形,黃
衛署藥製字第026133號,橢圓形,白
衛署藥製字第026136號,膠囊,綠;;;白
衛署藥製字第026138號,圓形,白
衛署藥製字第026154號,三角形,白
衛署藥製字第026175號,圓形,棕
衛署藥製字第026205號,圓形,白
衛署藥製字第026233號,膠囊,灰;;;白
衛署藥製字第026234號,四邊形,白
衛署藥製字第026263號,圓形,白
衛署藥製字第026272號,圓形,橘
衛署藥製字第026276號,膠囊,粉;;;粉
衛署藥製字第026278號,圓形,白
衛署藥製字第026282號,膠囊,綠;;;黃
衛署藥製字第026284號,圓形,黃
衛署藥製字第026287號,橢圓形,粉
衛署藥製字第026289號,膠囊,綠;;;綠
衛署藥製字第026324號,膠囊,黑;;;藍
衛署藥製字第026327號,膠囊,橘;;;黃
衛署藥製字第026330號,圓形,白
衛署藥製字第026346號,四邊形,黃
衛署藥製字第026363號,圓形,白
衛署藥製字第026405號,圓形,白
衛署藥製字第026430號,膠囊,白;;;白
衛署藥製字第026439號,膠囊,橘;;;橘
衛署藥製字第026472號,膠囊,黑;;;紅
衛署藥製字第026473號,橢圓形,白
衛署藥製字第026478號,膠囊,綠;;;綠
衛署藥製字第026510號,膠囊,棕;;;黃
衛署藥製字第026529號,圓形,白
衛署藥製字第026563號,水滴形,白
衛署藥製字第026583號,四邊形,白
衛署藥製字第026615號,膠囊,紫;;;藍綠
衛署藥製字第026644號,圓形,黃
衛署藥製字第026683號,六邊形,黃
衛署藥製字第026717號,膠囊,紅;;;白
衛署藥製字第026766號,圓形,綠
衛署藥製字第026798號,圓形,黃
衛署藥製字第026834號,圓形,白
衛署藥製字第026849號,橢圓形,藍
衛署藥製字第026867號,膠囊,紅;;;白
衛署藥製字第049841號,橢圓形,橘
衛署藥製字第049851號,圓形,白
衛署藥製字第049854號,橢圓形,白
衛署藥製字第049858號,橢圓形,白
衛署藥製字第049887號,橢圓形,白
衛署藥製字第049889號,四邊形,黃
衛署藥製字第049891號,液劑(包含糖漿用粉劑),透明;;;棕
衛署藥製字第049899號,橢圓形,黃
衛署藥製字第049904號,雙圓形,綠
衛署藥製字第049915號,其他,白
衛署藥製字第049920號,圓形,白
衛署藥製字第049930號,圓形,白
衛署藥製字第049958號,膠囊,灰;;;粉
衛署藥製字第049959號,橢圓形,白
衛署藥製字第049967號,圓形,粉
衛署藥製字第049970號,膠囊,橘;;;白
衛署藥製字第049971號,膠囊,藍;;;粉
衛署藥製字第049992號,圓形,黃
衛署藥製字第050005號,膠囊,黃;;;白
衛署藥製字第050008號,圓形,藍
衛署藥製字第050010號,圓形,白
衛署藥製字第050015號,圓形,白
衛署藥製字第050016號,橢圓形,黃
衛署藥製字第050027號,圓形,白
衛署藥製字第050030號,橢圓形,黃
衛署藥製字第050032號,橢圓形,白
衛署藥製字第050033號,液劑(包含糖漿用粉劑),白
衛署藥製字第050036號,膠囊,橘;;;橘
衛署藥製字第050037號,圓形,白
衛署藥製字第050043號,圓形,白
衛署藥製字第050054號,圓形,紅
衛署藥製字第050058號,膠囊,綠;;;綠
衛署藥製字第050061號,其他,黃
衛署藥製字第050083號,圓形,橘
衛署藥製字第050084號,圓形,白
衛署藥製字第050087號,橢圓形,白
衛署藥製字第050095號,圓形,紅
衛署藥製字第050101號,膠囊,藍;;;藍
衛署藥製字第050114號,膠囊,紅;;;紅
衛署藥製字第050116號,圓形,黃
衛署藥製字第050123號,橢圓形,白
衛署藥製字第050126號,圓形,粉
衛署藥製字第050127號,橢圓形,粉
衛署藥製字第050130號,圓形,白
衛署藥製字第050135號,圓形,白
衛署藥製字第050136號,圓形,白
衛署藥製字第050138號,圓形,紅
衛署藥製字第050140號,橢圓形,灰;;;灰
衛署藥製字第050142號,圓形,白
衛署藥製字第050145號,橢圓形,白
衛署藥製字第050152號,橢圓形,白
衛署藥製字第050154號,膠囊,藍;;;橘
衛署藥製字第050155號,膠囊,藍;;;藍
衛署藥製字第050165號,圓形,白
衛署藥製字第050168號,膠囊,粉;;;白
衛署藥製字第050175號,膠囊,橘;;;白
衛署藥製字第050177號,雙圓形,白
衛署藥製字第050179號,圓形,白
衛署藥製字第050182號,圓形,綠
衛署藥製字第050189號,膠囊,紅;;;白
衛署藥製字第050210號,圓形,白
衛署藥製字第050211號,膠囊,橘;;;橘
衛署藥製字第050221號,膠囊,紅;;;白
衛署藥製字第050223號,圓形,白
衛署藥製字第050227號,圓形,黃
衛署藥製字第050240號,橢圓形,白
衛署藥製字第050241號,圓形,粉
衛署藥製字第050251號,六邊形,橘
衛署藥製字第050254號,四邊形,白
衛署藥製字第050261號,圓形,白
衛署藥製字第050273號,圓形,黃
衛署藥製字第050340號,橢圓形,白
衛署藥製字第050423號,圓形,橘
衛署藥製字第050769號,四邊形,白
衛署藥製字第050771號,顆粒劑、粉劑或散劑,棕;;;黃
衛署藥製字第050866號,膠囊,藍;;;棕
衛署藥製字第050874號,橢圓形,粉
衛署藥製字第050876號,圓形,白
衛署藥製字第050881號,顆粒劑、粉劑或散劑,黃
衛署藥製字第051027號,膠囊,紅;;;白
衛署藥製字第051029號,雙圓形,白
衛署藥製字第051192號,圓形,白
衛署藥製字第051198號,四邊形,白
衛署藥製字第051386號,橢圓形,橘
衛署藥製字第051389號,圓形,白
衛署藥製字第051522號,其他,透明
衛署藥製字第051523號,橢圓形,黃
衛署藥製字第051524號,膠囊,白;;;白
衛署藥製字第051597號,橢圓形,白
衛署藥製字第051598號,橢圓形,白
衛署藥製字第051718號,圓形,黃
衛署藥製字第051719號,圓形,粉
衛署藥製字第051728號,四邊形,白
衛署藥製字第051732號,橢圓形,白
衛署藥製字第052113號,雙圓形,藍
衛署藥製字第052301號,橢圓形,白
衛署藥製字第052305號,圓形,白
衛署藥製字第052308號,圓形,黃
衛署藥製字第052337號,四邊形,白
衛署藥製字第052345號,膠囊,紅
衛署藥製字第052354號,橢圓形,白
衛署藥製字第052357號,橢圓形,粉
衛署藥製字第052428號,圓形,白
衛署藥製字第052432號,膠囊,橘;;;橘
衛署藥製字第052434號,膠囊,白;;;紅
衛署藥製字第052436號,水滴形,白
衛署藥製字第052462號,圓形,白
衛署藥製字第052475號,膠囊,灰;;;灰
衛署藥製字第052479號,橢圓形,橘
衛署藥製字第052481號,膠囊,綠;;;白
衛署藥製字第052485號,橢圓形,白
衛署藥製字第052520號,八邊形,白
衛署藥製字第052522號,圓形,粉
衛署藥製字第052530號,橢圓形,白
衛署藥製字第052531號,膠囊,白;;;白
衛署藥製字第052532號,橢圓形,白
衛署藥製字第052533號,圓形,白
衛署藥製字第052537號,橢圓形,白
衛署藥製字第052554號,橢圓形;;;橢圓形,白;;;粉
衛署藥製字第052557號,圓形,白
衛署藥製字第052559號,圓形,黃
衛署藥製字第052581號,橢圓形,黃
衛署藥製字第052588號,橢圓形,黃
衛署藥製字第052594號,橢圓形,橘
衛署藥製字第052595號,圓形,粉
衛署藥製字第052614號,橢圓形,白
衛署藥製字第052615號,橢圓形,黃
衛署藥製字第052616號,橢圓形,白
衛署藥製字第052617號,圓形,白
衛署藥製字第054857號,雙圓形,藍
衛署藥製字第054967號,橢圓形,白
衛署藥製字第054977號,圓形,紫
衛署藥製字第054979號,橢圓形,黃
衛署藥製字第054990號,橢圓形,黃
衛署藥製字第055002號,膠囊,藍;;;藍
衛署藥製字第055005號,圓形,紫
衛署藥製字第055012號,圓形,白
衛署藥製字第055019號,膠囊,橘;;;透明
衛署藥製字第055026號,圓形,粉
衛署藥製字第055028號,橢圓形,白
衛署藥製字第055033號,顆粒劑、粉劑或散劑,粉
衛署藥製字第055051號,圓形,白
衛署藥製字第055054號,圓形,黃
衛署藥製字第055055號,橢圓形;;;橢圓形,橘;;;灰
衛署藥製字第055103號,圓形,白
衛署藥製字第055104號,圓形,橘
衛署藥製字第055108號,圓形,橘
衛署藥製字第055109號,顆粒劑、粉劑或散劑,白
衛署藥製字第055118號,膠囊,白;;;白
衛署藥製字第055119號,膠囊,橘;;;黃
衛署藥製字第055225號,膠囊,黃;;;黃
衛署藥製字第055227號,四邊形,粉
衛署藥製字第055232號,膠囊,藍;;;藍
衛署藥製字第055244號,圓形,白
衛署藥製字第055252號,液劑(包含糖漿用粉劑),透明
衛署藥製字第055253號,圓形,黃
衛署藥製字第055263號,顆粒劑、粉劑或散劑,白
衛署藥製字第055265號,橢圓形,白
衛署藥製字第055271號,圓形,橘
衛署藥製字第055283號,橢圓形,黃
衛署藥製字第055284號,圓形,紫
衛署藥製字第055293號,其他,黃
衛署藥製字第055294號,液劑(包含糖漿用粉劑),透明
衛署藥製字第055296號,橢圓形,白
衛署藥製字第055301號,,
衛署藥製字第055406號,其他,黃
衛署藥製字第055408號,圓形,白
衛署藥製字第055414號,圓形,橘
衛署藥製字第055417號,膠囊,灰;;;粉
衛署藥製字第055418號,圓形,白
衛署藥製字第055420號,四邊形,白
衛署藥製字第055426號,橢圓形,白
衛署藥製字第055428號,圓形,粉
衛署藥輸字第024690號,水滴形,藍
衛署藥輸字第024716號,圓形,黃
衛署藥輸字第024725號,雙圓形,綠
衛署藥輸字第024727號,圓形,紅;;;紅
衛署藥輸字第024731號,四邊形,黃
衛署藥輸字第024732號,四邊形,白
衛署藥輸字第024735號,圓形,橘
衛署藥輸字第024750號,圓形,白
衛署藥輸字第024769號,四邊形,藍
衛署藥輸字第024770號,圓形,白
衛署藥輸字第024772號,圓形,白
衛署藥輸字第024794號,橢圓形,白
衛署藥輸字第024801號,膠囊,紅
衛署藥輸字第024813號,圓形,白
衛署藥輸字第024824號,圓形,黃
衛署藥輸字第024832號,膠囊,白
衛署藥輸字第024834號,膠囊,黃;;;黃
衛署藥輸字第024849號,,
衛署藥輸字第024876號,橢圓形,白
衛署藥輸字第024878號,橢圓形,黃
衛署藥輸字第024882號,圓形,白
衛署藥輸字第024885號,橢圓形,白
衛署藥輸字第024886號,四邊形,黃
衛署藥輸字第024887號,四邊形,黃
衛署藥輸字第024894號,膠囊,黃;;;橘
衛署藥輸字第024895號,膠囊,紅;;;橘
衛署藥輸字第024896號,膠囊,白;;;橘
衛署藥輸字第024898號,圓形,白
衛署藥輸字第024905號,其他,
衛署藥輸字第024914號,膠囊,紫
衛署藥輸字第024917號,圓形,粉
衛署藥輸字第024929號,圓形,白
衛署藥輸字第024951號,六邊形,白
衛署藥輸字第024952號,六邊形,白
衛署藥輸字第024959號,橢圓形,粉
衛署藥輸字第024962號,顆粒劑、粉劑或散劑,白
衛署藥輸字第024979號,圓形,黃
衛署藥輸字第024988號,橢圓形,粉
衛署藥輸字第024995號,膠囊,橘;;;白
衛署藥輸字第024998號,圓形,黃
衛署藥輸字第025001號,橢圓形,橘
衛署藥輸字第025005號,橢圓形,白
衛署藥輸字第025016號,圓形,藍
衛署藥輸字第025021號,圓形,白
衛署藥輸字第025026號,膠囊,橘
衛署藥輸字第025034號,圓形,粉
衛署藥輸字第025041號,橢圓形,粉
衛署藥輸字第025043號,橢圓形,粉
衛署藥輸字第025046號,橢圓形,白
衛署藥輸字第025071號,圓形,白
衛署藥輸字第025072號,橢圓形,黃
衛署藥輸字第025076號,圓形,白
衛署藥輸字第025077號,圓形,白
衛署藥輸字第025093號,四邊形,白
衛署藥輸字第025099號,圓形,黃;;;黃
衛署藥輸字第025106號,圓形,白
衛署藥輸字第025118號,橢圓形,粉
衛署藥輸字第025119號,四邊形,棕
衛署藥輸字第025120號,橢圓形,紅
衛署藥輸字第025129號,圓形,粉;;;粉
衛署藥輸字第025158號,四邊形,粉
衛署藥輸字第025160號,圓形,白
衛署藥輸字第025165號,四邊形,白
衛署藥輸字第025178號,圓形,白
衛署藥輸字第025209號,圓形,黃
衛署藥輸字第025214號,膠囊,白;;;白
衛署藥輸字第025215號,膠囊,藍;;;白
衛署藥輸字第025216號,膠囊,藍綠;;;黃
衛署藥輸字第025217號,膠囊,白;;;白
衛署藥輸字第025220號,圓形,黃
衛署藥輸字第025221號,圓形,粉
衛署藥輸字第025224號,橢圓形,白
衛署藥輸字第025229號,橢圓形,白
衛署藥輸字第025231號,橢圓形,白
衛署藥輸字第025240號,膠囊,粉
衛署藥輸字第025242號,膠囊,橘;;;白
衛署藥輸字第025243號,膠囊,白;;;白
衛署藥輸字第025253號,圓形,白
衛署藥輸字第025258號,圓形,白
衛署藥輸字第025260號,橢圓形,白
衛署藥輸字第025263號,膠囊,橘
衛署藥輸字第025265號,橢圓形,白
衛署藥輸字第025266號,橢圓形,白
衛署藥輸字第025270號,膠囊,白
衛署藥輸字第025272號,圓形,白
衛署藥輸字第025285號,膠囊,黃;;;灰
衛署藥輸字第025296號,三角形,藍
衛署藥輸字第025297號,四邊形,白
衛署藥輸字第025306號,圓形,白
衛署藥輸字第025316號,,
衛署藥輸字第025317號,膠囊,紅;;;紅
衛署藥輸字第025326號,橢圓形,粉
衛署藥輸字第025332號,膠囊,棕;;;白
衛署藥輸字第025333號,膠囊,白;;;白
衛署藥輸字第025335號,膠囊,棕;;;棕
衛署藥輸字第025339號,膠囊,藍綠
衛署藥輸字第025342號,四邊形,白
衛署藥輸字第025350號,圓形,粉
衛署藥輸字第025351號,橢圓形,紅
衛署藥輸字第025355號,膠囊,紅
衛署藥輸字第025356號,橢圓形,白
衛署藥輸字第025364號,橢圓形,白
衛署藥輸字第025378號,圓形,黃
衛署藥輸字第025391號,圓形,白
衛署藥輸字第025413號,圓形,橘;;;橘
衛署藥輸字第025417號,圓形,灰
衛署藥輸字第025419號,橢圓形,白
衛署藥輸字第025421號,橢圓形,黃
衛署藥輸字第025423號,膠囊,橘;;;棕
衛署藥輸字第025427號,四邊形,黃
衛署藥輸字第025431號,圓形,黃
衛署藥輸字第025433號,四邊形,粉
衛署藥輸字第025442號,三角形,棕
衛署藥輸字第025446號,橢圓形,白;;;藍
衛署藥輸字第025451號,橢圓形,黃
衛署藥輸字第025452號,橢圓形,黃
衛署藥輸字第025458號,膠囊,藍;;;白
衛署藥輸字第025459號,膠囊,藍;;;藍
衛署藥輸字第025465號,橢圓形,白
衛署藥輸字第025466號,圓形,白
衛署藥輸字第025467號,圓形,橘
衛署藥輸字第025480號,橢圓形,黃
衛署藥輸字第025481號,橢圓形,黃
衛署藥輸字第025492號,圓形,橘
衛署藥輸字第025494號,圓形,黃
衛署藥輸字第025503號,圓形,黃
衛署藥輸字第025507號,圓形,白
衛署藥輸字第025518號,橢圓形,橘
衛署藥輸字第025519號,橢圓形,橘
衛署藥輸字第025525號,圓形,白
衛署藥輸字第025537號,圓形,紅
衛署藥輸字第025539號,圓形,白
衛署藥輸字第025542號,圓形,白
衛署藥輸字第025584號,,
衛署藥輸字第025589號,四邊形,白
衛署藥輸字第025594號,橢圓形,白
衛署藥輸字第025622號,橢圓形,白
衛署藥輸字第025624號,橢圓形,白
衛署藥輸字第025625號,橢圓形,白
衛署藥輸字第025647號,圓形,紅;;;紅
衛署藥輸字第025648號,圓形,紅;;;紅
衛署藥輸字第025653號,圓形,黃
衛署藥輸字第025688號,圓形,白
衛署藥輸字第025690號,膠囊,藍;;;白
衛署藥輸字第025691號,圓形,黃
衛署藥輸字第025693號,膠囊,粉
衛署藥輸字第025696號,圓形,黃
衛署藥輸字第025699號,四邊形,白
衛署藥輸字第025709號,圓形,白
衛署藥輸字第025729號,液劑(包含糖漿用粉劑),棕
衛署藥輸字第025742號,膠囊,白
衛署藥輸字第025743號,圓形,橘
衛署藥輸字第025746號,圓形,黃
衛署藥輸字第025747號,圓形,黃
衛署藥輸字第025756號,圓形,白
衛署藥輸字第025757號,橢圓形,白
衛署藥輸字第025766號,橢圓形,黃
衛署藥輸字第025771號,膠囊,黃;;;灰
衛署藥輸字第025789號,橢圓形,白
衛署藥輸字第025792號,橢圓形,橘
衛署藥輸字第025807號,橢圓形,白
衛署藥輸字第025814號,圓形,白
衛署藥輸字第025828號,四邊形,粉
衛署藥輸字第025853號,四邊形,紅
衛署藥輸字第025854號,三角形,紅
衛署藥輸字第025877號,橢圓形,黃
衛署藥輸字第025887號,膠囊,藍;;;藍
衛署藥輸字第025890號,圓形,白
衛署藥輸字第025893號,橢圓形,白
衛署藥輸字第025900號,圓形,黃
內衛藥製字第000781號,圓形,白
內衛藥製字第000805號,圓形,白
內衛藥製字第000817號,膠囊,橘;;;白
內衛藥製字第000849號,圓形,白
內衛藥製字第000884號,圓形,粉
內衛藥製字第000990號,膠囊,白;;;白
內衛藥製字第001005號,顆粒劑、粉劑或散劑,棕
內衛藥製字第001043號,膠囊,藍;;;黃
內衛藥製字第001451號,圓形,白
內衛藥製字第001503號,圓形,藍綠
內衛藥製字第001580號,圓形,白;;;白
內衛藥製字第001706號,圓形,白
內衛藥製字第001727號,圓形;;;圓形,白;;;白
內衛藥製字第001728號,圓形,白
內衛藥製字第001730號,橢圓形,白
內衛藥製字第001736號,圓形,白
內衛藥製字第001749號,圓形,白
內衛藥製字第001752號,圓形,粉
內衛藥製字第001774號,六邊形,藍
內衛藥製字第001780號,圓形,白
內衛藥製字第001783號,圓形,棕
內衛藥製字第001790號,圓形,綠
內衛藥製字第001794號,三角形,白
內衛藥製字第001796號,圓形,白
內衛藥製字第001807號,五邊形,黃
內衛藥製字第001808號,圓形,白
內衛藥製字第001811號,圓形,白
內衛藥製字第001816號,圓形,白
內衛藥製字第001817號,橢圓形,白
內衛藥製字第001820號,圓形,白
內衛藥製字第001821號,圓形,白
內衛藥製字第001822號,圓形,紫
內衛藥製字第001849號,圓形,白
內衛藥製字第002211號,圓形,白
內衛藥製字第002213號,圓形,白
內衛藥製字第002253號,圓形,白
內衛藥製字第002347號,圓形,黃
內衛藥製字第002473號,膠囊,藍;;;白
內衛藥製字第002515號,圓形,白
內衛藥製字第002531號,圓形,黃
內衛藥製字第002589號,橢圓形,粉
內衛藥製字第002596號,圓形,綠
內衛藥製字第002597號,圓形,白
內衛藥製字第002637號,圓形,橘
內衛藥製字第002638號,圓形,白
內衛藥製字第003159號,膠囊,橘;;;白
內衛藥製字第003251號,圓形,白
內衛藥製字第003449號,圓形,粉
內衛藥製字第003633號,圓形,白
內衛藥製字第003667號,圓形,白
內衛藥製字第003676號,三角形,藍
內衛藥製字第003893號,圓形,紅
內衛藥製字第004085號,圓形,黃
內衛藥製字第004189號,圓形,黃
內衛藥製字第004245號,圓形,白
內衛藥製字第004385號,圓形,紫
內衛藥製字第004492號,圓形,白
內衛藥製字第004497號,圓形,白
內衛藥製字第004512號,圓形,橘
內衛藥製字第004517號,圓形,橘
內衛藥製字第004707號,圓形,白
內衛藥製字第004781號,圓形,白
內衛藥製字第004789號,膠囊,綠;;;黃
內衛藥製字第004875號,圓形,白
內衛藥製字第004928號,圓形,黃
內衛藥製字第005001號,圓形,黃
內衛藥製字第005014號,圓形,白
內衛藥製字第005038號,膠囊,黑;;;綠
內衛藥製字第005040號,圓形,黃
內衛藥製字第005042號,膠囊,綠;;;白
內衛藥製字第005124號,圓形,白
內衛藥製字第005219號,圓形,白
內衛藥製字第005223號,圓形,黃
內衛藥製字第005225號,圓形,白
內衛藥製字第005226號,圓形,白
內衛藥製字第005228號,圓形,白
內衛藥製字第005236號,圓形,黃
內衛藥製字第005245號,圓形,黃
內衛藥製字第005250號,圓形,黃
內衛藥製字第005277號,圓形,棕
內衛藥製字第005508號,圓形,白
內衛藥製字第005616號,圓形,藍
內衛藥製字第006021號,圓形,黑
內衛藥製字第006067號,,
內衛藥製字第006163號,圓形,粉
內衛藥製字第006271號,圓形,粉
內衛藥製字第006306號,圓形,黃
內衛藥製字第007380號,圓形,粉;;;粉
內衛藥製字第007592號,圓形,灰
內衛藥製字第012936號,五邊形,黃
內衛藥製字第007870號,圓形;;;圓形,白;;;白
內衛藥製字第008138號,圓形,紫
內衛藥製字第008167號,膠囊,綠;;;黃
內衛藥製字第009094號,圓形,白
內衛藥製字第010468號,圓形,黃
內衛藥製字第010479號,圓形,白
內衛藥製字第010862號,圓形,白
內衛藥製字第011069號,圓形,白
內衛藥製字第011093號,圓形,黃
內衛藥製字第011269號,圓形,橘
內衛藥製字第011607號,圓形,粉
內衛藥製字第011693號,圓形,白
內衛藥製字第011749號,圓形,黃
內衛藥製字第012122號,膠囊,橘;;;黃
內衛藥製字第012601號,膠囊,紅;;;紅
內衛藥製字第012707號,圓形,白
內衛藥製字第012714號,圓形,白
內衛藥製字第012717號,圓形,白
內衛藥製字第012740號,圓形,白
內衛藥製字第012741號,圓形,粉
內衛藥製字第012742號,圓形,白
內衛藥製字第012914號,圓形,紫
內衛藥製字第012916號,五邊形,白
內衛藥製字第012940號,六邊形,白
內衛藥製字第013093號,圓形,黃
內衛藥製字第013307號,圓形,白
內衛藥製字第013404號,圓形,白
內衛藥製字第013419號,圓形,粉
內衛藥製字第013550號,圓形,白
內衛藥製字第013753號,圓形,黃
內衛藥製字第013816號,液劑(包含糖漿用粉劑),橘
內衛藥製字第013906號,圓形,黃
內衛藥製字第013913號,膠囊,綠;;;綠
內衛藥製字第013928號,圓形,藍
內衛藥製字第014141號,圓形,黃
內衛藥製字第014145號,膠囊,黑;;;綠
內衛藥製字第014268號,膠囊,紅;;;白
內衛藥製字第014296號,五邊形,黃
內衛藥製字第014318號,圓形,黃
內衛藥製字第014321號,圓形,橘
內衛藥製字第015066號,圓形,白
內衛藥製字第015101號,圓形,黃
內衛藥製字第015235號,圓形,粉
內衛藥製字第015312號,液劑(包含糖漿用粉劑),棕
內衛藥製字第015392號,膠囊,橘;;;黃
內衛藥製字第015685號,膠囊,藍綠;;;白
內衛藥製字第016157號,圓形,橘
內衛藥製字第016332號,圓形,黃
內衛藥製字第016499號,四邊形,粉
內衛藥製字第016644號,圓形,棕
內衛藥製字第016648號,圓形,藍
內衛藥製字第016650號,圓形,白
內衛藥製字第016652號,圓形,白
內衛藥製字第016782號,圓形,白
內衛藥製字第016799號,圓形,粉
內衛藥製字第016803號,膠囊,紅;;;黃
內衛藥製字第016929號,圓形,綠
衛部成製字第017220號,,
衛部成製字第017224號,水滴形,透明;;;透明
衛部成製字第017225號,,;;;;;;
衛部成製字第017226號,液劑(包含糖漿用粉劑),透明;;;透明
衛部成製字第017227號,,
衛部成製字第017228號,,
衛部成輸字第001002號,,
衛部罕菌疫輸字第000022號,,
衛部罕菌疫輸字第000031號,,
衛部罕藥製字第000014號,橢圓形,白
衛部罕藥製字第000017號,圓形,白
衛部罕藥製字第000018號,圓形,白
衛部罕藥製字第000019號,膠囊,白;;;白
衛部罕藥製字第000022號,液劑(包含糖漿用粉劑),透明
衛部罕藥輸字第000028號,膠囊,白;;;白
衛部罕藥輸字第000034號,圓形,白
衛部罕藥輸字第000038號,五邊形,藍
衛部罕藥輸字第000039號,膠囊,藍綠;;;白
衛部罕藥輸字第000040號,膠囊,藍綠;;;藍綠
衛部罕藥輸字第000041號,圓形,黃
衛部罕藥輸字第000042號,膠囊,藍綠;;;白
衛部罕藥輸字第000045號,圓形,黃
衛部罕藥輸字第000047號,圓形,紫
衛部罕藥輸字第000048號,圓形,綠
衛部罕藥輸字第000054號,膠囊,白;;;白
衛部罕藥輸字第000055號,膠囊,紅;;;紅
衛部罕藥輸字第000056號,四邊形,白
衛部罕藥輸字第000058號,圓形,白
衛部罕藥輸字第000060號,膠囊,藍;;;白
衛部罕藥輸字第000062號,膠囊,白;;;白
衛部罕藥輸字第000064號,圓形,黃
衛部藥製字第061850號,橢圓形,黃
衛部藥製字第061852號,圓形,白
衛部藥製字第061854號,圓形,黃
衛部藥製字第061856號,液劑(包含糖漿用粉劑),白
衛部藥製字第061860號,圓形,白
衛部藥製字第061861號,圓形,白
衛部藥製字第061863號,液劑(包含糖漿用粉劑),透明
衛部藥製字第061865號,,白;;;白
衛部藥製字第061867號,橢圓形,白
衛部藥製字第061868號,圓形,粉
衛部藥製字第061870號,橢圓形,棕
衛部藥製字第061871號,橢圓形,橘
衛部藥製字第061878號,橢圓形,藍
衛部藥製字第061881號,圓形,黃
衛部藥製字第061882號,圓形,黃
衛部藥製字第061883號,膠囊,綠;;;綠
衛部藥製字第061885號,其他,白
衛部藥製字第061890號,圓形,白
衛部藥製字第061893號,,
衛部藥製字第061894號,,
衛部藥製字第061899號,,
衛部藥製字第061903號,橢圓形,白
衛部藥製字第061904號,,
衛部藥製字第061906號,橢圓形,紅
衛部藥製字第061907號,圓形,白
衛部藥製字第061911號,圓形,棕
衛部藥製字第061916號,水滴形,黃
衛部藥製字第061917號,圓形,橘
衛部藥製字第061918號,橢圓形,粉
衛部藥製字第061919號,橢圓形,粉
衛部藥製字第061922號,液劑(包含糖漿用粉劑),棕
衛部藥製字第061924號,圓形,棕
衛部藥製字第061926號,圓形,黃
衛部藥製字第061928號,其他,透明
衛部藥製字第061929號,橢圓形,白
衛部藥製字第061932號,圓形,棕
衛部藥製字第061933號,,
衛部藥製字第061934號,橢圓形,粉
衛部藥製字第061935號,橢圓形,粉
衛部藥製字第061941號,,
衛部藥製字第061944號,橢圓形,紅
衛部藥製字第061945號,橢圓形,橘
衛部藥製字第061946號,橢圓形,橘
衛部藥製字第061948號,圓形,橘
衛部藥製字第061953號,水滴形,白
衛部藥製字第061955號,圓形,紅
衛部藥製字第061961號,顆粒劑、粉劑或散劑,白
衛部藥製字第061964號,膠囊,粉
衛部藥製字第061965號,膠囊,粉
衛部藥製字第061967號,顆粒劑、粉劑或散劑,白
衛部藥製字第061976號,橢圓形,白
衛部藥製字第061977號,圓形,黃
衛部藥製字第061978號,液劑(包含糖漿用粉劑),透明;;;透明
衛部藥製字第061979號,圓形,綠;;;綠
衛部藥製字第061980號,顆粒劑、粉劑或散劑,白
衛部藥製字第061985號,水滴形,黃
衛部藥製字第061987號,,
衛部藥製字第061988號,顆粒劑、粉劑或散劑,白
衛部藥製字第061989號,膠囊,白;;;白
衛部藥製字第061991號,,
衛部藥製字第061996號,橢圓形,白
衛部藥製字第061997號,圓形,黃
衛部藥製字第062007號,橢圓形,黃
衛部藥製字第062010號,橢圓形,橘
衛部藥製字第062015號,,
衛部藥製字第062016號,橢圓形,黃
衛部藥製字第062021號,膠囊,綠;;;白
衛部藥製字第062029號,圓形,白
衛部藥製字第062031號,橢圓形,白
衛部藥製字第062036號,橢圓形,白
衛部藥製字第062042號,圓形,白
衛部藥製字第062043號,橢圓形,白
衛部藥製字第062046號,其他,黃
衛部藥製字第062047號,橢圓形,白
衛部藥製字第062049號,橢圓形,橘
衛部藥製字第062050號,橢圓形,粉
衛部藥製字第062052號,橢圓形,白
衛部藥製字第062053號,橢圓形,白
衛部藥製字第062056號,圓形,黃
衛部藥製字第062057號,橢圓形,棕
衛部藥製字第062064號,其他,灰
衛部藥製字第062070號,其他,透明
衛部藥製字第062071號,液劑(包含糖漿用粉劑),透明
衛部藥製字第062082號,水滴形,黃
衛部藥製字第062085號,圓形,黃;;;黃
衛部藥製字第062091號,,
衛部藥製字第062102號,顆粒劑、粉劑或散劑,
衛部藥製字第R00042號,液劑(包含糖漿用粉劑),透明;;;透明
衛部藥製字第R00043號,液劑(包含糖漿用粉劑),透明;;;透明
衛部藥製字第R00048號,,
衛部藥輸字第026097號,橢圓形,橘
衛部藥輸字第026124號,圓形,黃
衛部藥輸字第026128號,膠囊,粉;;;白
衛部藥輸字第026133號,橢圓形,橘
衛部藥輸字第026134號,顆粒劑、粉劑或散劑,黃
衛部藥輸字第026136號,四邊形,白
衛部藥輸字第026137號,,透明
衛部藥輸字第026139號,橢圓形,白
衛部藥輸字第026147號,圓形,黃
衛部藥輸字第026152號,,
衛部藥輸字第026153號,四邊形,白
衛部藥輸字第026168號,橢圓形,粉;;;粉
衛部藥輸字第026169號,膠囊,綠;;;綠
衛部藥輸字第026170號,圓形,藍
衛部藥輸字第026173號,圓形,橘
衛部藥輸字第026174號,橢圓形,橘
衛部藥輸字第026189號,橢圓形,粉
衛部藥輸字第026193號,膠囊,藍;;;白
衛部藥輸字第026194號,膠囊,白
衛部藥輸字第026195號,膠囊,黃;;;白
衛部藥輸字第026196號,膠囊,藍
衛部藥輸字第026197號,膠囊,藍;;;黃
衛部藥輸字第026199號,圓形,藍
衛部藥輸字第026206號,圓形,黃
衛部藥輸字第026216號,橢圓形,黃
衛部藥輸字第026217號,橢圓形,紅
衛部藥輸字第026219號,圓形,白
衛部藥輸字第026233號,膠囊,白;;;白
衛部藥輸字第026242號,圓形,白
衛部藥輸字第026245號,橢圓形,白
衛部藥輸字第026252號,圓形,粉
衛部藥輸字第026264號,圓形,黃
衛部藥輸字第026268號,圓形,粉
衛部藥輸字第026270號,圓形,白
衛部藥輸字第026272號,圓形,白
衛部藥輸字第026284號,橢圓形,粉
衛部藥輸字第026285號,橢圓形,黃
衛部藥輸字第026287號,橢圓形,藍
衛部藥輸字第026295號,四邊形,藍
衛部藥輸字第026298號,橢圓形,黃
衛部藥輸字第026313號,圓形,黃
衛部藥輸字第026315號,,
衛部藥輸字第026317號,圓形,白
衛部藥輸字第026318號,,
衛部藥輸字第026328號,圓形,橘
衛部藥輸字第026329號,圓形,紅
衛部藥輸字第026337號,橢圓形,白
衛部藥輸字第026341號,圓形,黃
衛部藥輸字第026352號,膠囊,棕;;;粉
衛部藥輸字第026359號,圓形,白
衛部藥輸字第026360號,橢圓形,白
衛部藥輸字第026361號,四邊形,白
衛部藥輸字第026367號,圓形,粉
衛部藥輸字第026368號,圓形,粉
衛部藥輸字第026369號,橢圓形,粉
衛部藥輸字第026376號,橢圓形,黃
衛部藥輸字第026384號,橢圓形,藍
衛部藥輸字第026386號,圓形,灰
衛部藥輸字第026405號,橢圓形,黃
衛部藥輸字第026406號,圓形,黃
衛部藥輸字第026407號,圓形,黃
衛部藥輸字第026409號,橢圓形,白
衛部藥輸字第026412號,圓形,黃;;;黃
衛部藥輸字第026414號,圓形,紅;;;紅
衛部藥輸字第026415號,圓形,黃
衛部藥輸字第026421號,膠囊,棕;;;橘
衛部藥輸字第026424號,膠囊,透明
衛部藥輸字第026430號,橢圓形,藍
衛部藥輸字第026434號,圓形,粉
衛部藥輸字第026444號,膠囊,灰;;;粉
衛部藥輸字第026453號,橢圓形,白
衛部藥輸字第026455號,橢圓形,藍
衛部藥輸字第026465號,橢圓形,白
衛部藥輸字第026468號,橢圓形,黃
衛部藥輸字第026475號,圓形,黃
衛部藥輸字第026476號,四邊形,黃
衛部藥輸字第026483號,橢圓形,白
衛部藥輸字第026485號,膠囊,白;;;白
衛署藥製字第005757號,橢圓形,粉
衛署藥製字第005811號,圓形,白
衛署藥製字第005813號,圓形,黃
衛署藥製字第005833號,圓形,白
衛署藥製字第005857號,圓形,白
衛署藥製字第005858號,圓形,白
衛署藥製字第005865號,圓形,白
衛署藥製字第005925號,圓形,白
衛署藥製字第005954號,膠囊,棕;;;黃
衛署藥製字第005986號,圓形,白
衛署藥製字第005987號,圓形,白
衛署藥製字第005989號,膠囊,藍;;;白
衛署藥製字第006232號,圓形,黃
衛署藥製字第006236號,圓形,白
衛署藥製字第006271號,圓形,黃
衛署藥製字第006394號,圓形,橘
衛署藥製字第006543號,圓形,粉
衛署藥製字第006551號,圓形,白
衛署藥製字第006574號,膠囊,橘;;;橘
衛署藥製字第006606號,六邊形,黃
衛署藥製字第006645號,圓形,白
衛署藥製字第006646號,圓形,白
衛署藥製字第006691號,橢圓形,白
衛署藥製字第006747號,膠囊,綠;;;白
衛署藥製字第006795號,圓形,白
衛署藥製字第006827號,圓形,白
衛署藥製字第007072號,圓形,白
衛署藥製字第007073號,膠囊,黃;;;白
衛署藥製字第007140號,圓形,粉
衛署藥製字第007157號,圓形,粉
衛署藥製字第007175號,圓形,白
衛署藥製字第007341號,圓形,黃
衛署藥製字第007350號,其他,白
衛署藥製字第007374號,圓形,白
衛署藥製字第007535號,膠囊,藍;;;白
衛署藥製字第007543號,圓形,黃
衛署藥製字第007641號,圓形,綠
衛署藥製字第007737號,膠囊,紅;;;白
衛署藥製字第007819號,圓形,白
衛署藥製字第007833號,膠囊,黑;;;紅
衛署藥製字第007936號,圓形,橘
衛署藥製字第007944號,圓形,黃
衛署藥製字第008025號,圓形,粉
衛署藥製字第008061號,圓形,黃
衛署藥製字第008145號,圓形,綠
衛署藥製字第008165號,圓形,橘
衛署藥製字第008169號,三角形,黃
衛署藥製字第008192號,圓形,白
衛署藥製字第008355號,圓形,白
衛署藥製字第008662號,圓形,黃
衛署藥製字第008663號,圓形,紅
衛署藥製字第008715號,橢圓形,橘
衛署藥製字第008740號,圓形,白
衛署藥製字第008753號,圓形,橘
衛署藥製字第008759號,圓形,綠
衛署藥製字第008774號,橢圓形,黃
衛署藥製字第008855號,圓形,白
衛署藥製字第008907號,圓形,黃
衛署藥製字第008928號,圓形,白
衛署藥製字第008953號,圓形,粉
衛署藥製字第009043號,圓形,綠
衛署藥製字第009099號,膠囊,綠;;;白
衛署藥製字第009104號,圓形,黃
衛署藥製字第009111號,圓形,白
衛署藥製字第009121號,圓形,黃
衛署藥製字第009211號,圓形,藍
衛署藥製字第009216號,顆粒劑、粉劑或散劑,棕
衛署藥製字第009252號,圓形,綠
衛署藥製字第009256號,圓形,黃
衛署藥製字第009291號,圓形,綠
衛署藥製字第009299號,膠囊,粉
衛署藥製字第009312號,圓形,黃
衛署藥製字第009331號,圓形,白
衛署藥製字第009334號,圓形,橘
衛署藥製字第009352號,圓形,綠
衛署藥製字第009367號,膠囊,橘;;;白
衛署藥製字第009453號,膠囊,綠;;;白
衛署藥製字第009570號,圓形,藍
衛署藥製字第009587號,圓形,粉
衛署藥製字第009609號,膠囊,紅;;;灰
衛署藥製字第009615號,圓形,白
衛署藥製字第009619號,圓形,橘
衛署藥製字第009691號,圓形,橘
衛署藥製字第009776號,膠囊,棕;;;黃
衛署藥製字第009782號,圓形,藍
衛署藥製字第009915號,圓形,粉
衛署藥製字第009916號,圓形,粉
衛署藥製字第009945號,圓形,橘
衛署藥製字第009987號,圓形,綠
衛署藥製字第010070號,圓形,綠;;;白
衛署藥製字第010077號,圓形,黃
衛署藥製字第010079號,圓形,黃
衛署藥製字第010137號,圓形,粉
衛署藥製字第010139號,圓形,綠
衛署藥製字第010168號,圓形,白
衛署藥製字第010183號,膠囊,綠;;;綠
衛署藥製字第010192號,膠囊,綠;;;綠
衛署藥製字第010204號,膠囊,黑;;;黃
衛署藥製字第010207號,膠囊,藍;;;白
衛署藥製字第010229號,圓形,白
衛署藥製字第010248號,橢圓形,白
衛署藥製字第010249號,圓形,白
衛署藥製字第010281號,圓形,黃
衛署藥製字第010282號,圓形,白
衛署藥製字第010332號,圓形,粉
衛署藥製字第010334號,圓形,白;;;白
衛署藥製字第010358號,圓形,白
衛署藥製字第010365號,膠囊,藍;;;藍綠
衛署藥製字第010372號,圓形,白
衛署藥製字第010382號,膠囊,藍;;;白
衛署藥製字第010431號,膠囊,紅;;;白
衛署藥製字第010446號,膠囊,藍;;;藍
衛署藥製字第010482號,膠囊,粉;;;黃
衛署藥製字第010483號,圓形,黃
衛署藥製字第010488號,圓形,粉
衛署藥製字第010489號,膠囊,紅;;;綠
衛署藥製字第010491號,膠囊,綠;;;綠
衛署藥製字第010587號,液劑(包含糖漿用粉劑),黃
衛署藥製字第010688號,膠囊,紅;;;黃
衛署藥製字第010709號,圓形,粉
衛署藥製字第010710號,圓形,黃
衛署藥製字第010742號,圓形,黃
衛署藥製字第010747號,圓形,綠
衛署藥製字第010764號,圓形,白
衛署藥製字第010776號,圓形,白;;;粉
衛署藥製字第010819號,膠囊,紅;;;黃
衛署藥製字第010823號,圓形,白
衛署藥製字第010899號,圓形,藍
衛署藥製字第010917號,圓形,白
衛署藥製字第010941號,膠囊,藍;;;白
衛署藥製字第011006號,圓形,綠
衛署藥製字第011007號,圓形,白;;;棕
衛署藥製字第011012號,膠囊,藍;;;黃
衛署藥製字第011013號,膠囊,綠;;;綠
衛署藥製字第011082號,圓形,藍
衛署藥製字第011084號,圓形,藍
衛署藥製字第011093號,液劑(包含糖漿用粉劑),紫
衛署藥製字第011125號,圓形,白
衛署藥製字第011201號,圓形,白
衛署藥製字第011211號,液劑(包含糖漿用粉劑),棕
衛署藥製字第011224號,膠囊,綠;;;綠
衛署藥製字第011317號,四邊形,白
衛署藥製字第011318號,圓形,黑
衛署藥製字第011341號,圓形,黃
衛署藥製字第011407號,圓形,白
衛署藥製字第011421號,膠囊,橘;;;白
衛署藥製字第011479號,圓形,白
衛署藥製字第011493號,液劑(包含糖漿用粉劑),棕
衛署藥製字第011518號,膠囊,棕;;;橘
衛署藥製字第011562號,圓形,白
衛署藥製字第011701號,圓形,白
衛署藥製字第011786號,三角形,白
衛署藥製字第011882號,膠囊,紅;;;紅
衛署藥製字第011928號,圓形,黃
衛署藥製字第011929號,膠囊;;;膠囊,黑;;;黃;;;黑;;;黃
衛署藥製字第011931號,圓形,橘
衛署藥製字第011964號,膠囊,紅;;;黃
衛署藥製字第011969號,四邊形,白
衛署藥製字第012021號,圓形,白
衛署藥製字第012051號,膠囊,橘;;;白
衛署藥製字第012081號,圓形,白
衛署藥製字第012243號,圓形,橘
衛署藥製字第012296號,圓形,粉
衛署藥製字第012318號,圓形,白
衛署藥製字第012323號,圓形,綠
衛署藥製字第012340號,圓形,綠
衛署藥製字第012414號,圓形,白
衛署藥製字第012444號,膠囊,灰;;;藍綠
衛署藥製字第012446號,圓形,白
衛署藥製字第012447號,圓形,白
衛署藥製字第012458號,圓形,白
衛署藥製字第012487號,液劑(包含糖漿用粉劑);;;液劑(包含糖漿用粉劑);;;液劑(包含糖漿用粉劑);;;液劑(包含糖漿用粉劑),棕;;;棕;;;棕;;;棕
衛署藥製字第012488號,八邊形,黃
衛署藥製字第012519號,圓形,綠
衛署藥製字第012524號,圓形,黃
衛署藥製字第012551號,圓形,白
衛署藥製字第012556號,顆粒劑、粉劑或散劑,橘
衛署藥製字第012702號,圓形,橘
衛署藥製字第012703號,圓形,白
衛署藥製字第012714號,膠囊,紅;;;白
衛署藥製字第026872號,圓形,黃
衛署藥製字第026922號,膠囊,藍;;;白
衛署藥製字第026946號,膠囊,黑;;;白
衛署藥製字第026954號,圓形,白
衛署藥製字第026974號,圓形,白
衛署藥製字第026975號,膠囊,藍;;;藍
衛署藥製字第026984號,四邊形,黃
衛署藥製字第027005號,圓形,黃;;;白
衛署藥製字第027008號,膠囊,綠;;;黃
衛署藥製字第027011號,圓形,黃
衛署藥製字第027024號,圓形,白
衛署藥製字第027034號,圓形,橘
衛署藥製字第027040號,圓形,粉
衛署藥製字第027044號,膠囊,紅;;;黃
衛署藥製字第027055號,圓形,橘
衛署藥製字第027066號,膠囊,橘;;;橘
衛署藥製字第027082號,膠囊,白;;;白
衛署藥製字第027088號,橢圓形,橘
衛署藥製字第027096號,膠囊,紅;;;黃
衛署藥製字第027102號,四邊形,白
衛署藥製字第027144號,液劑(包含糖漿用粉劑),黃
衛署藥製字第027163號,膠囊,橘;;;黃
衛署藥製字第027164號,橢圓形,黃
衛署藥製字第027172號,六邊形,白
衛署藥製字第027177號,顆粒劑、粉劑或散劑,橘
衛署藥製字第027192號,圓形;;;圓形,白;;;橘
衛署藥製字第027221號,膠囊,黃;;;黃
衛署藥製字第027254號,圓形,白
衛署藥製字第027317號,圓形,黃
衛署藥製字第027338號,圓形,黃
衛署藥製字第027361號,四邊形,藍
衛署藥製字第027432號,圓形,白
衛署藥製字第027433號,圓形,黃
衛署藥製字第027436號,圓形,黃
衛署藥製字第027438號,圓形,白
衛署藥製字第027439號,膠囊,橘;;;橘
衛署藥製字第027443號,膠囊,橘;;;橘
衛署藥製字第027444號,膠囊,棕;;;橘
衛署藥製字第027445號,圓形,橘
衛署藥製字第027446號,圓形,粉
衛署藥製字第027448號,橢圓形,白
衛署藥製字第027450號,圓形,白
衛署藥製字第027452號,橢圓形,白
衛署藥製字第027497號,膠囊,紅
衛署藥製字第027500號,膠囊,紅;;;紅
衛署藥製字第027504號,膠囊,棕;;;棕
衛署藥製字第027506號,膠囊,紅
衛署藥製字第027508號,膠囊,紅;;;粉
衛署藥製字第027510號,膠囊,紅;;;紅
衛署藥製字第027513號,膠囊,藍;;;白
衛署藥製字第027528號,圓形,綠
衛署藥製字第027532號,圓形,黃
衛署藥製字第027536號,圓形,白
衛署藥製字第027558號,圓形,黃
衛署藥製字第027569號,圓形,粉
衛署藥製字第027598號,膠囊,綠;;;綠
衛署藥製字第027629號,膠囊,紫;;;紫
衛署藥製字第027676號,膠囊,棕;;;白
衛署藥製字第027775號,圓形,黃
衛署藥製字第027849號,圓形,黃
衛署藥製字第027912號,圓形,黃
衛署藥製字第027917號,圓形,灰
衛署藥製字第027918號,顆粒劑、粉劑或散劑,白
衛署藥製字第027936號,膠囊,紅;;;白
衛署藥製字第027940號,圓形,白
衛署藥製字第027943號,圓形,白
衛署藥製字第027954號,其他,白
衛署藥製字第027964號,膠囊,橘;;;橘
衛署藥製字第027971號,膠囊,白;;;白
衛署藥製字第028014號,膠囊,灰;;;白
衛署藥製字第028017號,圓形,橘
衛署藥製字第028041號,圓形,白
衛署藥製字第028054號,圓形,白
衛署藥製字第028055號,圓形,白
衛署藥製字第028078號,圓形,白
衛署藥製字第028079號,圓形,白
衛署藥製字第028130號,橢圓形,黃
衛署藥製字第028136號,圓形,黃
衛署藥製字第028142號,圓形,白
衛署藥製字第028162號,液劑(包含糖漿用粉劑),白
衛署藥製字第028210號,圓形,白
衛署藥製字第028218號,膠囊,綠;;;白
衛署藥製字第028219號,膠囊,橘;;;橘
衛署藥製字第028283號,膠囊,黃;;;白
衛署藥製字第028284號,圓形,綠
衛署藥製字第028312號,圓形,綠
衛署藥製字第028332號,圓形,白
衛署藥製字第028333號,膠囊,紅;;;紅
衛署藥製字第028379號,膠囊,紅
衛署藥製字第028461號,圓形,白
衛署藥製字第028476號,圓形,綠
衛署藥製字第028482號,圓形,粉
衛署藥製字第028610號,橢圓形,白
衛署藥製字第028619號,膠囊,藍;;;藍
衛署藥製字第028621號,膠囊,紅;;;透明
衛署藥製字第028622號,膠囊,紅;;;黃
衛署藥製字第028623號,膠囊,藍綠;;;黃
衛署藥製字第028648號,膠囊,綠;;;白
衛署藥製字第028649號,圓形,藍
衛署藥製字第028779號,圓形,白
衛署藥製字第028803號,圓形,黃
衛署藥製字第028927號,圓形,粉
衛署藥製字第028939號,圓形,白
衛署藥製字第028945號,圓形,白
衛署藥製字第028957號,圓形,藍
衛署藥製字第028965號,膠囊,藍綠;;;粉
衛署藥製字第029008號,圓形,橘
衛署藥製字第029015號,橢圓形,白
衛署藥製字第029029號,圓形,白
衛署藥製字第029034號,膠囊,紅;;;粉
衛署藥製字第029037號,膠囊,棕;;;棕
衛署藥製字第029079號,膠囊,藍;;;白
衛署藥製字第029081號,四邊形,橘
衛署藥製字第029082號,膠囊,紅;;;粉
衛署藥製字第029090號,圓形,橘
衛署藥製字第029106號,六邊形,白
衛署藥製字第029129號,圓形,灰
衛署藥製字第029131號,膠囊,黑;;;紅
衛署藥製字第029132號,膠囊,綠;;;綠
衛署藥製字第029172號,膠囊,綠;;;綠
衛署藥製字第029179號,圓形,白
衛署藥製字第029180號,膠囊,灰;;;白
衛署藥製字第029183號,圓形,白
衛署藥製字第029210號,圓形,棕
衛署藥製字第029211號,膠囊,綠;;;黃
衛署藥製字第029226號,膠囊,紅;;;橘
衛署藥製字第029227號,圓形,黃
衛署藥製字第029251號,圓形,黃
衛署藥製字第029313號,圓形,白
衛署藥製字第029320號,圓形,橘;;;橘
衛署藥製字第029349號,圓形,綠
衛署藥製字第029352號,圓形,橘
衛署藥製字第029356號,圓形,白
衛署藥製字第029359號,圓形,白
衛署藥製字第029375號,圓形,白
衛署藥製字第029378號,圓形,黃
衛署藥製字第029418號,圓形,綠
衛署藥製字第029440號,圓形,黃
衛署藥製字第029465號,四邊形,白
衛署藥製字第029476號,膠囊,白;;;白
衛署藥製字第029478號,圓形,白
衛署藥製字第029503號,圓形,粉
衛署藥製字第029510號,圓形,白
衛署藥製字第029512號,圓形,白
衛署藥製字第029513號,橢圓形,白
衛署藥製字第029515號,圓形,白
衛署藥製字第029543號,圓形,白
衛署藥製字第029545號,圓形,白
衛署藥製字第029546號,膠囊,紅;;;紅
衛署藥製字第029549號,膠囊,橘;;;橘
衛署藥製字第029562號,膠囊,白
衛署藥製字第029576號,膠囊,白;;;白
衛署藥製字第029581號,四邊形,黃
衛署藥製字第029590號,膠囊,棕;;;棕
衛署藥製字第029601號,圓形,粉
衛署藥製字第029617號,圓形,白
衛署藥製字第029630號,膠囊,紅;;;橘
衛署藥製字第029634號,液劑(包含糖漿用粉劑);;;液劑(包含糖漿用粉劑),紫;;;黃
衛署藥製字第029702號,圓形,黃
衛署藥製字第029704號,圓形,白
衛署藥製字第029727號,圓形,白
衛署藥製字第029729號,圓形,白
衛署藥製字第029735號,圓形,白
衛署藥製字第029736號,圓形,白
衛署藥製字第029747號,膠囊,黃;;;透明
衛署藥製字第029752號,圓形,綠
衛署藥製字第038174號,膠囊,綠;;;綠
衛署藥製字第038186號,膠囊,紅;;;粉
衛署藥製字第038194號,膠囊,黃;;;黃
衛署藥製字第038204號,圓形,白
衛署藥製字第038211號,橢圓形,黃
衛署藥製字第038213號,圓形,白
衛署藥製字第038235號,橢圓形,紅
衛署藥製字第038244號,四邊形,黃
衛署藥製字第038247號,橢圓形,粉
衛署藥製字第038261號,顆粒劑、粉劑或散劑,藍
衛署藥製字第038263號,三角形,黃
衛署藥製字第038266號,圓形,藍
衛署藥製字第038275號,顆粒劑、粉劑或散劑,橘
衛署藥製字第038291號,四邊形,橘
衛署藥製字第038295號,圓形,白
衛署藥製字第038311號,圓形,綠
衛署藥製字第038320號,四邊形,黃
衛署藥製字第038325號,四邊形,白
衛署藥製字第038332號,膠囊,藍;;;白
衛署藥製字第038333號,膠囊,藍;;;藍
衛署藥製字第038357號,膠囊,綠;;;綠
衛署藥製字第038368號,橢圓形,白
衛署藥製字第038415號,圓形,黃
衛署藥製字第038419號,圓形,綠
衛署藥製字第038422號,圓形,白
衛署藥製字第038426號,膠囊,黃;;;黃
衛署藥製字第038450號,圓形,白
衛署藥製字第038453號,圓形,白
衛署藥製字第038454號,圓形,白
衛署藥製字第038460號,圓形,綠
衛署藥製字第038462號,圓形,白
衛署藥製字第038465號,圓形,黃
衛署藥製字第038466號,圓形,黃
衛署藥製字第038474號,圓形,白
衛署藥製字第038478號,四邊形,白
衛署藥製字第038479號,圓形,棕
衛署藥製字第038487號,圓形,白
衛署藥製字第038488號,圓形,黃
衛署藥製字第038489號,四邊形,黃
衛署藥製字第038490號,圓形,黃
衛署藥製字第038491號,四邊形,白
衛署藥製字第038493號,橢圓形,黃
衛署藥製字第038494號,圓形,白
衛署藥製字第038498號,圓形,白
衛署藥製字第038504號,圓形,白
衛署藥製字第038506號,圓形,白
衛署藥製字第038510號,圓形,白
衛署藥製字第038528號,四邊形,白
衛署藥製字第038540號,其他,白
衛署藥製字第038543號,圓形,黃
衛署藥製字第038554號,圓形,白
衛署藥製字第038559號,圓形,白
衛署藥製字第038574號,圓形,白
衛署藥製字第038589號,橢圓形,白
衛署藥製字第038592號,圓形,白
衛署藥製字第038599號,六邊形;;;六邊形,黃;;;黃
衛署藥製字第038609號,四邊形,白
衛署藥製字第038612號,圓形,白
衛署藥製字第038616號,膠囊,黑;;;紅
衛署藥製字第038622號,圓形,橘
衛署藥製字第038624號,顆粒劑、粉劑或散劑,棕
衛署藥製字第038650號,圓形,白
衛署藥製字第038680號,四邊形,白
衛署藥製字第038685號,四邊形,白
衛署藥製字第038722號,圓形,橘
衛署藥製字第038747號,圓形,白
衛署藥製字第038761號,膠囊,綠;;;橘
衛署藥製字第038763號,四邊形,白
衛署藥製字第038764號,圓形;;;圓形,白;;;藍
衛署藥製字第038766號,圓形,橘
衛署藥製字第038776號,橢圓形,橘
衛署藥製字第038810號,膠囊,紅;;;紅
衛署藥製字第038819號,膠囊,白;;;白
衛署藥製字第038840號,膠囊,紅;;;紅
衛署藥製字第038842號,四邊形,白
衛署藥製字第038844號,膠囊,粉;;;白
衛署藥製字第038846號,圓形,白
衛署藥製字第038856號,圓形,棕
衛署藥製字第038860號,圓形,白
衛署藥製字第038870號,其他,白
衛署藥製字第038946號,圓形,白
衛署藥製字第038948號,膠囊,綠;;;白
衛署藥製字第038953號,橢圓形,綠
衛署藥製字第038955號,圓形,白
衛署藥製字第038968號,顆粒劑、粉劑或散劑,橘
衛署藥製字第038974號,膠囊,紅;;;紅
衛署藥製字第038983號,圓形,橘
衛署藥製字第039007號,圓形,白
衛署藥製字第039013號,圓形,白
衛署藥製字第039017號,其他,白
衛署藥製字第039056號,圓形,橘
衛署藥製字第039067號,液劑(包含糖漿用粉劑),黃
衛署藥製字第039087號,橢圓形,白
衛署藥製字第039120號,膠囊,黃;;;黃
衛署藥製字第039168號,圓形,棕
衛署藥製字第039218號,圓形,白
衛署藥製字第039221號,四邊形,白
衛署藥製字第039229號,圓形,黃
衛署藥製字第039239號,圓形,黃
衛署藥製字第039277號,四邊形,紅
衛署藥製字第039291號,膠囊,綠;;;綠
衛署藥製字第039292號,圓形,白
衛署藥製字第039304號,圓形,粉;;;粉
衛署藥製字第039305號,圓形,白
衛署藥製字第039311號,圓形,白
衛署藥製字第039312號,圓形,白
衛署藥製字第039315號,六邊形,橘
衛署藥製字第039320號,四邊形,白;;;黃
衛署藥製字第039336號,液劑(包含糖漿用粉劑),棕
衛署藥製字第039350號,其他,白
衛署藥製字第039351號,其他,白
衛署藥製字第039362號,,透明
衛署藥製字第039366號,圓形,白
衛署藥製字第039368號,橢圓形,藍
衛署藥製字第039385號,圓形,白
衛署藥製字第039387號,膠囊,黃;;;白
衛署藥製字第039388號,圓形,粉
衛署藥製字第039397號,橢圓形,橘
衛署藥製字第039403號,八邊形,藍
衛署藥製字第039407號,圓形,橘
衛署藥製字第039409號,四邊形,棕
衛署藥製字第039414號,四邊形,橘
衛署藥製字第039431號,圓形,橘
衛署藥製字第039484號,膠囊,紅;;;白
衛署藥製字第039518號,圓形,白
衛署藥製字第039519號,膠囊,紅;;;黃
衛署藥製字第039537號,膠囊,紅;;;紅
衛署藥製字第039547號,圓形,白
衛署藥製字第039559號,圓形,白
衛署藥製字第039560號,膠囊,紅;;;黃
衛署藥製字第039566號,圓形,粉
衛署藥製字第039584號,圓形,橘
衛署藥製字第039587號,膠囊,紫;;;透明
衛署藥製字第039589號,圓形,藍
衛署藥製字第039595號,膠囊,黃;;;黃
衛署藥製字第039597號,圓形,白
衛署藥製字第039615號,圓形,綠
衛署藥製字第039621號,橢圓形,白
衛署藥製字第039625號,膠囊,綠
衛署藥製字第039651號,圓形,黃
衛署藥製字第039658號,膠囊,紅;;;白
衛署藥製字第039661號,六邊形,白
衛署藥製字第039662號,圓形,橘
衛署藥製字第039683號,圓形,白
衛署藥製字第039688號,圓形,黃
衛署藥製字第039692號,六邊形,黃
衛署藥製字第039701號,液劑(包含糖漿用粉劑),黃
衛署藥製字第039703號,圓形,橘
衛署藥製字第039718號,圓形,橘
衛署藥製字第039725號,膠囊,紅;;;紅
衛署藥製字第039769號,膠囊,綠;;;綠
衛署藥製字第039772號,圓形,橘
衛署藥製字第039778號,四邊形,白
衛署藥製字第039779號,膠囊,橘;;;透明
衛署藥製字第039788號,圓形,白
衛署藥製字第039790號,圓形,白
衛署藥製字第039794號,圓形,白
衛署藥製字第039804號,膠囊,綠;;;白
衛署藥製字第039819號,圓形,白
衛署藥製字第039822號,圓形,白
衛署藥製字第039831號,圓形,白
衛署藥製字第039843號,圓形,白
衛署藥製字第039851號,膠囊,黑;;;黃
衛署藥製字第039863號,圓形,綠
衛署藥製字第046023號,膠囊,藍;;;白
衛署藥製字第046028號,圓形,粉;;;粉
衛署藥製字第046029號,圓形,粉
衛署藥製字第046047號,圓形,粉
衛署藥製字第046049號,橢圓形,粉
衛署藥製字第046050號,圓形,黃
衛署藥製字第046067號,膠囊,紅;;;透明
衛署藥製字第046072號,膠囊,綠;;;透明
衛署藥製字第046074號,雙圓形,綠
衛署藥製字第046077號,圓形,白
衛署藥製字第046118號,圓形,白
衛署藥製字第046145號,圓形,黃
衛署藥製字第046166號,圓形,棕
衛署藥製字第046182號,膠囊,藍;;;藍
衛署藥製字第046200號,圓形,白;;;白
衛署藥製字第046224號,液劑(包含糖漿用粉劑),白
衛署藥製字第046225號,圓形,棕
衛署藥製字第046236號,圓形,白
衛署藥製字第046246號,膠囊,白;;;白
衛署藥製字第046255號,四邊形,白
衛署藥製字第046273號,橢圓形,粉
衛署藥製字第046283號,膠囊,藍;;;粉
衛署藥製字第046286號,圓形,黃
衛署藥製字第046311號,圓形,黃
衛署藥製字第046312號,圓形,黃
衛署藥製字第046336號,,
衛署藥製字第046350號,膠囊,藍;;;粉
衛署藥製字第046351號,圓形,白
衛署藥製字第046384號,膠囊,紅;;;紅
衛署藥製字第046386號,圓形,黃
衛署藥製字第046387號,圓形,黃
衛署藥製字第046400號,液劑(包含糖漿用粉劑);;;液劑(包含糖漿用粉劑),棕;;;棕
衛署藥製字第046402號,橢圓形,橘
衛署藥製字第046403號,圓形,黃
衛署藥製字第046404號,圓形,白
衛署藥製字第046424號,四邊形,藍
衛署藥製字第046432號,圓形,白
衛署藥製字第046439號,膠囊,白;;;白
衛署藥製字第046440號,圓形,白
衛署藥製字第046441號,圓形,白
衛署藥製字第046443號,圓形,黃
衛署藥製字第046447號,圓形,白
衛署藥製字第046458號,圓形,黃
衛署藥製字第046460號,圓形,白
衛署藥製字第046461號,圓形,黃
衛署藥製字第046475號,圓形,綠
衛署藥製字第046482號,其他,白
衛署藥製字第046486號,橢圓形,白
衛署藥製字第046488號,圓形,黃
衛署藥製字第046489號,圓形,白
衛署藥製字第046524號,橢圓形,白
衛署藥製字第046525號,橢圓形,橘
衛署藥製字第046538號,圓形,白
衛署藥製字第046546號,四邊形,黃
衛署藥製字第046549號,圓形,白
衛署藥製字第046563號,橢圓形,白;;;白
衛署藥製字第046579號,橢圓形,白
衛署藥製字第046583號,圓形,白
衛署藥製字第046587號,圓形,粉
衛署藥製字第046588號,橢圓形,橘
衛署藥製字第046604號,圓形,黃
衛署藥製字第046606號,橢圓形,白
衛署藥製字第046609號,膠囊,紅;;;黃
衛署藥製字第046612號,其他,白
衛署藥製字第046634號,圓形,白
衛署藥製字第046638號,四邊形,黃
衛署藥製字第046646號,橢圓形,黃
衛署藥製字第046647號,雙圓形,綠
衛署藥製字第046656號,圓形,白
衛署藥製字第046658號,橢圓形,白
衛署藥製字第046659號,圓形,橘
衛署藥製字第046678號,膠囊,紅;;;白
衛署藥製字第046679號,膠囊,紅;;;白
衛署藥製字第046681號,橢圓形,白
衛署藥製字第046682號,圓形,橘
衛署藥製字第046683號,圓形,藍
衛署藥製字第046697號,六邊形,藍
衛署藥製字第046699號,圓形,黃
衛署藥製字第046706號,圓形,黃
衛署藥製字第046729號,圓形,白
衛署藥製字第046733號,橢圓形,黃;;;黃
衛署藥製字第046742號,圓形,白
衛署藥製字第046746號,四邊形,黃
衛署藥製字第046753號,液劑(包含糖漿用粉劑);;;液劑(包含糖漿用粉劑),棕;;;橘
衛署藥製字第046756號,橢圓形,白
衛署藥製字第046758號,圓形,棕
衛署藥製字第046759號,圓形,粉
衛署藥製字第046766號,雙圓形,綠
衛署藥製字第046867號,圓形,白
衛署藥製字第046872號,顆粒劑、粉劑或散劑,橘
衛署藥製字第046903號,圓形,粉
衛署藥製字第046929號,膠囊,綠;;;綠
衛署藥製字第046934號,液劑(包含糖漿用粉劑),橘
衛署藥製字第046935號,膠囊,紅;;;白
衛署藥製字第046937號,圓形,白
衛署藥製字第046938號,五邊形,白
衛署藥製字第046940號,圓形,白
衛署藥製字第046978號,圓形,黃
衛署藥製字第046979號,膠囊,白;;;白
衛署藥製字第046980號,膠囊,紅;;;白
衛署藥製字第046989號,圓形,黃
衛署藥製字第046992號,六邊形,白
衛署藥製字第046995號,膠囊,紅;;;白
衛署藥製字第047044號,圓形,白
衛署藥製字第047045號,圓形,白
衛署藥製字第047047號,膠囊,紅;;;透明
衛署藥製字第047050號,膠囊,黑;;;紅
衛署藥製字第047073號,圓形,黃
衛署藥製字第047078號,圓形,黃
衛署藥製字第047086號,橢圓形,白
衛署藥製字第047091號,圓形,白
衛署藥製字第047092號,圓形,白
衛署藥製字第047093號,八邊形,白
衛署藥製字第047114號,五邊形,黃
衛署藥製字第047140號,圓形,粉
衛署藥製字第047143號,其他,白
衛署藥製字第047145號,膠囊,紅;;;黃
衛署藥製字第047146號,液劑(包含糖漿用粉劑),藍
衛署藥製字第047168號,圓形,黃
衛署藥製字第047172號,雙圓形,綠
衛署藥製字第047176號,圓形,白
衛署藥製字第047181號,圓形,白
衛署藥製字第047227號,圓形,白
衛署藥製字第047228號,圓形,白
衛署藥製字第047230號,六邊形,黃
衛署藥製字第047231號,圓形,白
衛署藥製字第047232號,圓形,白
衛署藥製字第047235號,膠囊,綠;;;白
衛署藥製字第047258號,雙圓形,綠
衛署藥製字第047265號,圓形,粉
衛署藥製字第047268號,圓形,黃
衛署藥製字第047272號,圓形,白
衛署藥製字第047290號,橢圓形,橘
衛署藥製字第047294號,橢圓形,橘
衛署藥製字第047295號,圓形,白
衛署藥製字第047305號,膠囊,藍;;;白
衛署藥製字第047306號,圓形,粉
衛署藥製字第047307號,圓形,黃
衛署藥製字第047327號,膠囊,紅;;;紅
衛署藥製字第047341號,橢圓形,黃
衛署藥製字第047346號,圓形,白
衛署藥製字第047371號,膠囊,綠;;;白
衛署藥製字第047373號,橢圓形,白
衛署藥製字第047374號,圓形,粉
衛署藥製字第047399號,橢圓形,粉
衛署藥製字第047400號,四邊形,黃
衛署藥製字第047407號,橢圓形,黃;;;黃
衛署藥製字第047419號,橢圓形,白
衛署藥製字第047441號,圓形,黃
衛署藥製字第047444號,圓形,白
衛署藥製字第047460號,圓形,白
衛署藥製字第047461號,圓形,黃
衛署藥製字第047469號,圓形,白
衛署藥製字第047473號,液劑(包含糖漿用粉劑),
衛署藥製字第047476號,四邊形,橘
衛署藥製字第047479號,圓形,橘
衛署藥製字第047482號,圓形,白
衛署藥製字第047486號,顆粒劑、粉劑或散劑,黃
衛署藥製字第047512號,圓形,白
衛署藥製字第047516號,橢圓形,黃
衛署藥製字第047519號,圓形,白
衛署藥製字第047532號,四邊形,白
衛署藥製字第047534號,橢圓形,黃
衛署藥製字第047535號,顆粒劑、粉劑或散劑,綠
衛署藥製字第047538號,其他,黃
衛署藥製字第047539號,圓形,白
衛署藥製字第047553號,橢圓形,白
衛署藥製字第047558號,四邊形,綠
衛署藥製字第047567號,四邊形,白
衛署藥製字第047568號,四邊形,黃
衛署藥製字第047569號,四邊形,白
衛署藥製字第047599號,膠囊,粉;;;白
衛署藥製字第047606號,五邊形,粉
衛署藥製字第047614號,圓形,橘
衛部罕藥輸字第000065號,圓形,粉
衛部罕藥輸字第000067號,膠囊,粉;;;粉
衛部罕藥輸字第000077號,膠囊,灰;;;灰
衛部罕藥輸字第000078號,膠囊,灰;;;橘
衛部罕藥輸字第000079號,膠囊,橘;;;橘
衛部罕藥輸字第000080號,膠囊,白;;;白
衛部罕藥輸字第000092號,圓形,白
衛部罕藥輸字第000095號,液劑(包含糖漿用粉劑),透明
衛部罕藥輸字第000100號,橢圓形,白
衛部罕藥輸字第000102號,膠囊,黃
衛部罕藥輸字第000103號,圓形,橘
衛部菌疫輸字第001015號,,
衛部菌疫輸字第001074號,圓形,白
衛部菌疫輸字第001089號,,
衛部菌疫輸字第001108號,,
衛部菌疫輸字第001136號,,
衛部菌疫輸字第001144號,,
衛部菌疫輸字第001150號,,
衛部菌疫輸字第001169號,橢圓形,白
衛部菌疫輸字第001170號,橢圓形,白
衛部菌疫輸字第001171號,橢圓形,白
衛部菌疫輸字第001185號,,
衛部菌疫輸字第001284號,,;;;
衛部藥製字第058025號,膠囊,黃;;;白
衛部藥製字第058027號,膠囊,藍;;;藍
衛部藥製字第058028號,圓形,白
衛部藥製字第058030號,橢圓形,白
衛部藥製字第058038號,圓形,白
衛部藥製字第058046號,圓形,白
衛部藥製字第058047號,圓形,白
衛部藥製字第058048號,圓形,白
衛部藥製字第058051號,橢圓形,白
衛部藥製字第058055號,橢圓形,粉
衛部藥製字第058060號,圓形,黃
衛部藥製字第058061號,圓形,紫
衛部藥製字第058064號,圓形,橘
衛部藥製字第058065號,,
衛部藥製字第058071號,橢圓形,白
衛部藥製字第058072號,四邊形,白
衛部藥製字第058078號,圓形,白
衛部藥製字第058080號,液劑(包含糖漿用粉劑),綠
衛部藥製字第058085號,橢圓形,黃
衛部藥製字第058091號,三角形,白
衛部藥製字第058092號,圓形,白
衛部藥製字第058093號,圓形,橘
衛部藥製字第058097號,,
衛部藥製字第058101號,膠囊,紫;;;粉
衛部藥製字第058112號,圓形,黃
衛部藥製字第058113號,膠囊,黑;;;紅
衛部藥製字第058116號,液劑(包含糖漿用粉劑),黃
衛部藥製字第058117號,圓形,粉
衛部藥製字第058121號,橢圓形,黃
衛部藥製字第058135號,圓形,白
衛部藥製字第058138號,圓形,黃
衛部藥製字第058153號,橢圓形,藍
衛部藥製字第058161號,八邊形,粉
衛部藥製字第058174號,圓形,黃
衛部藥製字第058175號,液劑(包含糖漿用粉劑),棕
衛部藥製字第058181號,膠囊,藍;;;白
衛部藥製字第058188號,橢圓形,黃
衛部藥製字第058195號,四邊形,藍
衛部藥製字第058197號,橢圓形,黃
衛部藥製字第058198號,圓形,黃
衛部藥製字第058202號,圓形,透明
衛部藥製字第058203號,圓形,黃
衛部藥製字第058204號,圓形,黃
衛部藥製字第058206號,膠囊,橘;;;橘
衛部藥製字第058211號,橢圓形,白
衛部藥製字第058213號,圓形,黃
衛部藥製字第058217號,膠囊,白;;;白
衛部藥製字第058220號,膠囊,藍;;;藍
衛部藥製字第058233號,圓形,白
衛部藥製字第058234號,橢圓形,橘
衛部藥製字第058235號,橢圓形,白
衛部藥製字第058237號,橢圓形,粉
衛部藥製字第058240號,三角形,紅
衛部藥製字第058244號,圓形,白
衛部藥製字第058245號,顆粒劑、粉劑或散劑,白
衛部藥製字第058252號,橢圓形,白
衛部藥製字第058253號,圓形,白
衛部藥製字第058256號,四邊形,白
衛部藥製字第058264號,橢圓形,綠
衛部藥製字第058268號,圓形,粉
衛部藥製字第058273號,圓形,橘
衛部藥製字第058278號,八邊形,白
衛部藥製字第058284號,四邊形,白
衛部藥製字第058288號,橢圓形,棕
衛部藥製字第058291號,圓形,粉
衛部藥製字第058295號,,
衛部藥製字第058297號,,
衛部藥製字第058300號,液劑(包含糖漿用粉劑),黑
衛部藥製字第058302號,四邊形,黃
衛部藥製字第058306號,膠囊,藍;;;白
衛部藥製字第058310號,圓形,黃
衛部藥製字第058312號,圓形,白
衛部藥製字第058313號,,
衛部藥製字第058315號,圓形,粉
衛部藥製字第058316號,圓形,黃
衛部藥製字第058320號,圓形,綠
衛部藥製字第058322號,液劑(包含糖漿用粉劑),透明
衛部藥製字第058329號,膠囊,紫;;;紫
衛部藥製字第058332號,圓形,白
衛部藥製字第058333號,膠囊,粉;;;粉
衛部藥製字第058334號,三角形,粉
衛部藥製字第058335號,三角形,白
衛部藥製字第058336號,橢圓形,白
衛部藥製字第058337號,膠囊,黑;;;灰
衛部藥製字第058340號,四邊形,粉
衛部藥製字第058347號,液劑(包含糖漿用粉劑),藍
衛部藥製字第058349號,圓形,黃
衛部藥製字第058350號,圓形,白
衛部藥製字第058358號,膠囊,粉;;;粉
衛部藥製字第058370號,橢圓形,黃
衛部藥製字第058373號,圓形,白
衛部藥製字第058377號,圓形,白
衛部藥製字第058378號,四邊形,白
衛部藥製字第058384號,圓形,粉
衛部藥製字第058385號,膠囊,紅;;;紅
衛部藥製字第058389號,圓形,棕
衛部藥製字第058390號,膠囊,棕;;;紅
衛部藥製字第058391號,四邊形,綠
衛部藥製字第058393號,圓形,白
衛部藥製字第058395號,六邊形,橘
衛部藥製字第058401號,圓形,白
衛部藥製字第058402號,圓形,白
衛部藥製字第058405號,圓形,黃
衛部藥製字第058410號,圓形,白
衛部藥製字第058411號,圓形,橘;;;橘
衛部藥製字第058517號,橢圓形,白
衛部藥製字第058518號,圓形,黃
衛部藥製字第058522號,橢圓形,白
衛部藥製字第058523號,圓形,白
衛部藥製字第058534號,四邊形,白
衛部藥製字第058535號,四邊形,白
衛部藥製字第058536號,,
衛部藥製字第058538號,圓形,黃
衛部藥製字第058540號,膠囊,藍;;;藍
衛部藥製字第058543號,圓形,白
衛部藥製字第058545號,圓形,綠
衛部藥製字第058549號,圓形,黃
衛部藥製字第058559號,圓形,白
衛部藥製字第058561號,圓形,黃
衛部藥製字第058564號,圓形,黃
衛部藥製字第058567號,,
衛部藥製字第058577號,圓形,綠
衛部藥製字第058581號,,
衛部藥製字第058586號,圓形,白
衛部藥製字第058589號,圓形,黃
衛部藥製字第058592號,圓形,黃
衛部藥製字第058595號,膠囊,棕;;;棕
衛部藥製字第058596號,圓形,白
衛部藥製字第058598號,膠囊,藍綠;;;白
衛部藥製字第058599號,橢圓形,藍
衛部藥製字第058604號,圓形,白
衛部藥製字第058613號,圓形,白
衛部藥製字第058618號,圓形,白
衛部藥製字第058620號,圓形,黃
衛部藥製字第058622號,圓形,黃
衛部藥製字第058623號,圓形,白
衛部藥製字第058624號,圓形,粉
衛部藥製字第058627號,圓形,黃
衛部藥製字第058628號,橢圓形,黃
衛部藥製字第058633號,圓形,白
衛部藥製字第058634號,橢圓形,黃
衛部藥製字第058638號,圓形,白
衛部藥製字第058639號,圓形,白
衛部藥製字第058641號,圓形,橘
衛部藥製字第058643號,,
衛部藥製字第058645號,,
衛部藥製字第058648號,圓形,白
衛部藥製字第058754號,膠囊,紅;;;白
衛部藥製字第058755號,圓形,黃
衛部藥製字第058762號,膠囊,綠;;;黃
衛部藥製字第058773號,,
衛部藥製字第058774號,,;;;
衛部藥製字第058778號,三角形,粉
衛部藥製字第058783號,四邊形,白
衛部藥製字第058785號,四邊形,白
衛部藥製字第058792號,顆粒劑、粉劑或散劑,白
衛部藥製字第058793號,橢圓形,白
衛部藥製字第058797號,圓形,粉
衛部藥製字第058801號,圓形,橘
衛部藥製字第058810號,膠囊,紅;;;白
衛部藥製字第058813號,圓形,粉
衛部藥製字第058817號,圓形,黃
衛部藥製字第058821號,圓形,黃
衛部藥製字第058822號,圓形,黃
衛部藥製字第058829號,圓形,白
衛部藥製字第058834號,圓形,白
衛部藥製字第058838號,橢圓形,白
衛部藥製字第058841號,圓形,白
衛部藥製字第058945號,其他,白
衛部藥製字第058946號,膠囊,紅;;;白
衛部藥製字第058947號,圓形,白
衛部藥製字第058949號,橢圓形,白
衛部藥製字第058950號,橢圓形,白
衛部藥製字第058954號,橢圓形,白
衛部藥製字第058955號,四邊形,白
衛部藥製字第058956號,液劑(包含糖漿用粉劑),黃
衛部藥製字第058958號,液劑(包含糖漿用粉劑),透明
衛部藥製字第058967號,顆粒劑、粉劑或散劑,黃
衛部藥製字第058969號,圓形,粉;;;粉
衛部藥製字第058973號,膠囊,白
衛部藥製字第058974號,橢圓形,白
衛部藥製字第058975號,圓形,白;;;白
衛部藥製字第058976號,圓形,白
衛部藥製字第058977號,圓形,白
衛部藥製字第058984號,圓形,黃
衛部藥製字第058989號,橢圓形,藍
衛部藥製字第058998號,膠囊,白;;;白
衛部藥製字第059014號,橢圓形,白
衛部藥製字第059019號,膠囊,透明
衛部藥製字第059027號,圓形,藍
衛部藥製字第059032號,橢圓形,白
衛部藥製字第059033號,四邊形,粉
衛部藥製字第059040號,顆粒劑、粉劑或散劑,白
衛部藥製字第059043號,圓形,黃
衛部藥製字第059050號,圓形,黃
衛部藥製字第059054號,圓形;;;圓形,白;;;白
衛部藥製字第059055號,膠囊,橘;;;橘
衛部藥製字第059066號,橢圓形,黃
衛部藥製字第059068號,膠囊,紅;;;白
衛部藥製字第059073號,圓形,黃
衛部藥製字第059192號,圓形,黃
衛部藥製字第059193號,圓形,粉
衛部藥製字第059196號,橢圓形,黃
衛部藥製字第059209號,橢圓形,黃
衛部藥製字第059210號,膠囊,藍;;;白
衛部藥製字第059212號,四邊形,黃
衛部藥製字第059215號,圓形,黃
衛部藥製字第059216號,,
衛部藥製字第059226號,膠囊,黃;;;白
衛部藥製字第059228號,橢圓形,黃
衛部藥製字第059232號,橢圓形,白
衛部藥製字第059239號,圓形,紅
衛部藥製字第059240號,圓形,粉
衛部藥製字第059242號,四邊形,白
衛部藥製字第059243號,橢圓形,紅
衛部藥製字第059244號,圓形,白
衛部藥製字第059251號,四邊形,白
衛部藥製字第059252號,三角形,白
衛部藥製字第059260號,圓形,粉
衛部藥製字第059271號,四邊形,黃
衛部藥製字第059273號,四邊形,藍
衛部藥製字第059275號,圓形,橘
衛部藥製字第059277號,橢圓形,白
衛部藥製字第059278號,橢圓形,白
衛部藥製字第059280號,橢圓形,藍
衛部藥製字第059281號,膠囊,白;;;白
衛部藥製字第059282號,圓形,白;;;白
衛部藥製字第059285號,圓形,白
衛部藥製字第059287號,橢圓形,白
衛部藥製字第059292號,膠囊,橘;;;橘
衛部藥製字第059295號,膠囊,白;;;白
衛部藥製字第059298號,液劑(包含糖漿用粉劑),紅
衛部藥製字第059300號,橢圓形,白
衛部藥製字第059308號,圓形,棕
衛部藥製字第059310號,橢圓形,藍
衛部藥製字第059363號,圓形,黃
衛部藥製字第059368號,液劑(包含糖漿用粉劑);;;液劑(包含糖漿用粉劑),透明;;;透明
衛部藥製字第059370號,圓形,橘
衛部藥製字第059371號,四邊形,白
衛部藥製字第059378號,三角形,粉
衛部藥製字第059379號,四邊形,白
衛部藥製字第059383號,,
衛部藥製字第059384號,液劑(包含糖漿用粉劑);;;液劑(包含糖漿用粉劑),透明;;;透明
衛部藥製字第059388號,膠囊,紅;;;白
衛部藥製字第059390號,橢圓形,白
衛部藥製字第059391號,四邊形,橘
衛部藥製字第059392號,圓形,白
衛部藥製字第059395號,圓形,白
衛部藥製字第059396號,橢圓形,白
衛部藥製字第059398號,圓形,橘
衛部藥製字第059400號,圓形,黃
衛部藥製字第059403號,橢圓形,白
衛部藥製字第059405號,圓形,白
衛部藥製字第059409號,圓形,黃
衛部藥製字第059415號,八邊形,白
衛部藥製字第059417號,四邊形,灰
衛部藥製字第059418號,圓形,白
衛部藥製字第059621號,水滴形,藍;;;藍
衛部藥製字第059623號,圓形,白
衛部藥製字第059625號,雙圓形,藍
衛部藥製字第059628號,液劑(包含糖漿用粉劑),棕
衛部藥製字第059633號,圓形,黃
衛部藥製字第059640號,膠囊,紅;;;白
衛部藥製字第059643號,橢圓形,黃
衛部藥製字第059645號,圓形,橘
衛部藥製字第059647號,圓形,白
衛部藥製字第059648號,圓形,黃
衛部藥製字第059652號,橢圓形,粉
衛部藥製字第059653號,膠囊,黃;;;白
衛部藥製字第059654號,橢圓形,白
衛部藥製字第059655號,膠囊,綠;;;黃
衛部藥製字第059656號,橢圓形,橘
衛部藥製字第059661號,圓形,白
衛部藥製字第059663號,膠囊,灰;;;白
衛部藥製字第059664號,膠囊,黃;;;黃
衛部藥製字第059665號,圓形,黃
衛部藥製字第059667號,顆粒劑、粉劑或散劑,白
衛部藥製字第059668號,膠囊,藍綠;;;白
衛部藥製字第059669號,膠囊,白;;;白
衛部藥製字第059670號,橢圓形,粉
衛部藥製字第059671號,三角形,粉
衛部藥製字第059675號,圓形,黃;;;黃
衛部藥製字第059680號,圓形,黃
衛部藥製字第059682號,橢圓形,藍
衛部藥製字第059686號,圓形,白
衛部藥製字第059690號,顆粒劑、粉劑或散劑,白
衛部藥製字第059691號,顆粒劑、粉劑或散劑,白
衛部藥製字第059692號,液劑(包含糖漿用粉劑),黃
衛部藥製字第059693號,橢圓形,粉;;;粉
衛部藥製字第059695號,橢圓形,藍
衛部藥製字第059703號,橢圓形,藍
衛部藥製字第059704號,水滴形,黃
衛部藥製字第059708號,液劑(包含糖漿用粉劑),透明
衛部藥製字第059715號,膠囊,黃
衛部藥製字第059720號,四邊形,綠
衛部藥製字第059721號,圓形,黃
衛部藥製字第059722號,圓形,黃
衛部藥製字第059723號,三角形,白
衛部藥製字第059727號,圓形,黃
衛部藥製字第059736號,圓形,白
衛部藥製字第059739號,圓形,白
衛部藥製字第059746號,膠囊,紫;;;白
衛部藥製字第059747號,膠囊,黃;;;黃
衛部藥製字第059749號,橢圓形,黃;;;黃
衛部藥製字第059750號,三角形,白;;;白
衛部藥製字第059751號,四邊形,粉;;;粉
衛部藥製字第059758號,膠囊,綠;;;白
衛部藥製字第059767號,圓形,黃
衛部藥製字第059771號,橢圓形,棕
衛部藥製字第059774號,橢圓形,白
衛部藥製字第059776號,橢圓形,白
衛部藥製字第059778號,膠囊,綠;;;綠
衛部藥製字第059786號,橢圓形,黃
衛部藥製字第059797號,橢圓形,白
衛部藥製字第059802號,圓形,白
衛部藥製字第059805號,膠囊,綠;;;綠
衛部藥製字第059808號,膠囊,白;;;白
衛部藥製字第059818號,圓形,綠
衛部藥製字第059821號,橢圓形,黃
衛部藥製字第059827號,圓形,棕
衛部藥製字第059830號,橢圓形,白
衛部藥輸字第026488號,圓形,白
衛部藥輸字第026489號,圓形,黃
衛部藥輸字第026491號,橢圓形,粉
衛部藥輸字第026497號,圓形,粉
衛部藥輸字第026500號,,
衛部藥輸字第026503號,橢圓形,棕
衛部藥輸字第026508號,四邊形,藍
衛部藥輸字第026514號,膠囊,橘;;;白
衛部藥輸字第026515號,圓形,白
衛部藥輸字第026518號,橢圓形,紫
衛部藥輸字第026520號,圓形,黃
衛部藥輸字第026528號,四邊形,橘
衛部藥輸字第026536號,圓形,白
衛部藥輸字第026543號,圓形,粉
衛部藥輸字第026558號,,
衛部藥輸字第026560號,圓形,白
衛部藥輸字第026561號,膠囊,橘;;;橘
衛部藥輸字第026562號,圓形,白
衛部藥輸字第026568號,膠囊;;;膠囊,棕;;;棕
衛部藥輸字第026569號,膠囊;;;膠囊,粉;;;粉
衛部藥輸字第026579號,膠囊,粉;;;粉
衛部藥輸字第026593號,圓形,白
衛部藥輸字第026596號,圓形,白
衛部藥輸字第026597號,四邊形,白
衛部藥輸字第026598號,四邊形,黃
衛部藥輸字第026599號,圓形,黃
衛部藥輸字第026600號,圓形,粉
衛部藥輸字第026601號,圓形,橘
衛部藥輸字第026604號,膠囊,紫;;;紫
衛部藥輸字第026614號,橢圓形,棕
衛部藥輸字第026622號,橢圓形,黃
衛部藥輸字第026631號,圓形,黃
衛部藥輸字第026634號,膠囊,黃
衛部藥輸字第026637號,橢圓形,白
衛部藥輸字第026643號,橢圓形,白
衛部藥輸字第026645號,圓形,白
衛部藥輸字第026648號,橢圓形,黃
衛部藥輸字第026653號,橢圓形,白
衛部藥輸字第026656號,膠囊,白;;;白
衛部藥輸字第026665號,橢圓形,橘
衛部藥輸字第026667號,橢圓形,綠
衛部藥輸字第026668號,圓形;;;圓形,白;;;白
衛部藥輸字第026670號,橢圓形,白
衛部藥輸字第026671號,橢圓形,粉
衛部藥輸字第026672號,橢圓形,黃
衛部藥輸字第026674號,膠囊,藍;;;白
衛部藥輸字第026675號,四邊形,橘
衛部藥輸字第026683號,圓形,橘
衛部藥輸字第026692號,圓形,白
衛部藥輸字第026700號,圓形,白
衛部藥輸字第026701號,橢圓形,紅
衛部藥輸字第026716號,圓形,白
衛部藥輸字第026717號,圓形,白
衛部藥輸字第026719號,圓形;;;圓形,白;;;白
衛部藥輸字第026734號,橢圓形,黃
衛部藥輸字第026762號,圓形,綠
衛部藥輸字第026772號,橢圓形,黃
衛部藥輸字第026777號,橢圓形,粉
衛部藥輸字第026778號,橢圓形,粉
衛部藥輸字第026818號,圓形,粉
衛部藥輸字第026822號,四邊形,白
衛部藥輸字第026839號,膠囊,藍;;;藍
衛部藥輸字第026840號,膠囊,藍;;;綠
衛部藥輸字第026841號,膠囊,藍;;;橘
衛部藥輸字第026869號,膠囊,白;;;白
衛部藥輸字第026870號,膠囊,白;;;白
衛部藥輸字第026871號,膠囊,白;;;白
衛部藥輸字第026876號,圓形,白
衛部藥輸字第026881號,橢圓形,白
衛部藥輸字第026900號,圓形,粉
衛部藥輸字第026914號,橢圓形,橘
衛部藥輸字第026927號,圓形,白
衛部藥輸字第026933號,膠囊,橘;;;橘
衛部藥輸字第026934號,膠囊,橘;;;黃
衛部藥輸字第026950號,圓形,黃
衛部藥輸字第026952號,圓形,粉
衛部藥輸字第026962號,圓形,黃
衛部藥輸字第026966號,,
衛部藥輸字第026968號,橢圓形,棕
衛部藥輸字第026983號,圓形,粉
衛部藥輸字第027000號,橢圓形,粉
衛部藥輸字第027001號,四邊形,綠
衛部藥輸字第027002號,圓形,白
衛部藥輸字第027006號,圓形,白
衛部藥輸字第027007號,圓形,黃
衛部藥輸字第027011號,圓形,白
衛部藥輸字第027012號,四邊形,白
衛部藥輸字第027022號,橢圓形,藍
衛部藥輸字第027023號,橢圓形,白
衛部藥輸字第027025號,橢圓形,白
衛部藥輸字第027028號,膠囊,白
衛部藥輸字第027029號,圓形,白;;;白
衛部藥輸字第027030號,膠囊,灰;;;灰
衛部藥輸字第027033號,四邊形,綠
衛部藥輸字第027034號,,
衛部藥輸字第027039號,橢圓形,粉
衛部藥輸字第027042號,圓形,藍
衛部藥輸字第027053號,橢圓形,白
衛部藥輸字第027073號,三角形,粉
衛部藥輸字第027080號,圓形,白
衛部藥輸字第027086號,圓形,黃
衛部藥輸字第027102號,膠囊,棕;;;棕
衛部藥輸字第027103號,膠囊,棕;;;橘
衛部藥輸字第027104號,膠囊,棕;;;棕
衛部藥輸字第027110號,膠囊,黑;;;黑
衛部藥輸字第027111號,圓形,橘
衛部藥輸字第027117號,橢圓形,黃
衛部藥輸字第027134號,圓形,白
衛部藥輸字第027142號,三角形,白
衛部藥輸字第027145號,圓形,粉
衛部藥輸字第027156號,橢圓形,白
衛部藥輸字第027157號,圓形,白
衛部藥輸字第027175號,圓形,白
衛部藥輸字第027176號,圓形,黃
衛部藥輸字第027183號,橢圓形,白
衛部藥輸字第027185號,圓形,白
衛部藥輸字第027194號,圓形,白
衛部藥輸字第027210號,四邊形,棕
衛部藥輸字第027211號,四邊形,棕
衛部藥輸字第027229號,四邊形,橘;;;橘
衛部藥輸字第027233號,膠囊,紅;;;白
衛部藥輸字第027243號,圓形,黃
衛部藥輸字第027245號,圓形,紫
衛部藥輸字第027246號,圓形,綠
衛部藥輸字第027257號,橢圓形,黃
衛部藥輸字第027263號,橢圓形,粉
衛部藥輸字第027265號,三角形,白
衛部藥輸字第027269號,圓形,白
衛部藥輸字第027281號,圓形,白
衛部藥輸字第027358號,橢圓形,棕
衛部藥輸字第027282號,圓形,粉
衛部藥輸字第027283號,橢圓形,白
衛部藥輸字第027288號,橢圓形;;;橢圓形;;;橢圓形,粉;;;粉;;;粉
衛部藥輸字第027289號,圓形,粉
衛部藥輸字第027309號,橢圓形,藍
衛部藥輸字第027318號,圓形,粉
衛部藥輸字第027320號,圓形,灰
衛部藥輸字第027323號,橢圓形,粉
衛部藥輸字第027327號,膠囊,灰;;;灰
衛部藥輸字第027328號,膠囊,橘;;;橘
衛部藥輸字第027332號,圓形,白;;;白
衛部藥輸字第027336號,顆粒劑、粉劑或散劑,白;;;棕
衛部藥輸字第027341號,三角形,藍
衛部藥輸字第027342號,圓形,藍
衛部藥輸字第027343號,四邊形,藍
衛部藥輸字第027344號,四邊形,藍
衛部藥輸字第027345號,五邊形,藍
衛部藥輸字第027355號,膠囊,白;;;白
衛部藥輸字第027357號,圓形,黃
衛部藥輸字第027359號,橢圓形,黃
衛部藥輸字第027361號,橢圓形,紅
衛部藥輸字第027362號,橢圓形,紅
衛部藥輸字第027365號,圓形,黃
衛部藥輸字第027366號,圓形,綠
衛部藥輸字第027368號,圓形,白
衛部藥輸字第027375號,水滴形,藍
衛部藥輸字第027383號,,
衛部藥輸字第027421號,膠囊,紅;;;透明
衛部藥輸字第027423號,膠囊,棕;;;透明
衛部藥輸字第027426號,膠囊,橘
衛部藥輸字第027429號,圓形,棕
衛部藥輸字第027433號,橢圓形,白
衛部藥輸字第027446號,橢圓形,綠
衛部藥輸字第027454號,圓形,橘
衛部藥輸字第027467號,圓形,棕
衛部藥輸字第027468號,其他,
衛部藥輸字第027469號,顆粒劑、粉劑或散劑,白
衛部藥輸字第027473號,圓形;;;圓形,黃;;;黃
衛部藥輸字第027476號,橢圓形,黃
衛署藥製字第012763號,圓形,白
衛署藥製字第012786號,圓形,橘
衛署藥製字第012804號,圓形,黃
衛署藥製字第012831號,圓形,黃
衛署藥製字第012833號,橢圓形,黃
衛署藥製字第012876號,圓形,灰
衛署藥製字第012880號,圓形,紅
衛署藥製字第012955號,圓形,白
衛署藥製字第012975號,圓形,粉
衛署藥製字第012977號,其他,綠
衛署藥製字第013001號,圓形,橘
衛署藥製字第013118號,圓形,粉
衛署藥製字第013130號,膠囊,紅;;;黃
衛署藥製字第013137號,圓形,綠
衛署藥製字第013162號,橢圓形,白
衛署藥製字第013181號,圓形,黃
衛署藥製字第013184號,膠囊,灰;;;黃
衛署藥製字第013229號,膠囊,紅;;;黃
衛署藥製字第013230號,膠囊,紅;;;白
衛署藥製字第013366號,四邊形,粉
衛署藥製字第013381號,圓形,白
衛署藥製字第013382號,圓形,白
衛署藥製字第013398號,液劑(包含糖漿用粉劑),黃
衛署藥製字第013480號,膠囊,紅;;;橘
衛署藥製字第013511號,圓形,白
衛署藥製字第013512號,圓形,白
衛署藥製字第013547號,膠囊,黑;;;黃
衛署藥製字第013557號,膠囊,藍;;;白
衛署藥製字第013644號,圓形,白
衛署藥製字第013666號,四邊形;;;四邊形,白;;;黃
衛署藥製字第013778號,膠囊,紫;;;黃
衛署藥製字第013796號,三角形,粉
衛署藥製字第013879號,膠囊,藍;;;黃
衛署藥製字第014015號,圓形,橘
衛署藥製字第014025號,膠囊,紅;;;黃
衛署藥製字第014088號,圓形,棕
衛署藥製字第014170號,圓形,黃
衛署藥製字第014184號,圓形,黃
衛署藥製字第014222號,圓形,白
衛署藥製字第014228號,圓形,黃
衛署藥製字第014230號,橢圓形,白
衛署藥製字第014236號,膠囊,綠;;;透明
衛署藥製字第014277號,圓形,橘
衛署藥製字第014343號,膠囊,藍;;;紅
衛署藥製字第014346號,圓形,白
衛署藥製字第014449號,膠囊,黃;;;黃
衛署藥製字第014459號,圓形,藍
衛署藥製字第014465號,三角形,紅
衛署藥製字第014469號,圓形,白
衛署藥製字第014596號,橢圓形,黃
衛署藥製字第014692號,圓形;;;圓形,黃;;;黃
衛署藥製字第014746號,膠囊,紅;;;白
衛署藥製字第014755號,圓形,粉
衛署藥製字第014842號,圓形,橘
衛署藥製字第014865號,其他,粉
衛署藥製字第014880號,圓形,白
衛署藥製字第014909號,膠囊,藍;;;黃
衛署藥製字第014947號,膠囊,藍綠;;;黃
衛署藥製字第015021號,圓形,紫
衛署藥製字第015024號,三角形,白
衛署藥製字第015041號,膠囊,橘;;;黃
衛署藥製字第015090號,圓形,黃
衛署藥製字第015091號,膠囊,紅;;;黃
衛署藥製字第015195號,膠囊,粉;;;黃
衛署藥製字第015242號,圓形,白;;;棕
衛署藥製字第015268號,圓形,白
衛署藥製字第015286號,膠囊,紅;;;白
衛署藥製字第015287號,橢圓形,白
衛署藥製字第015344號,圓形,粉
衛署藥製字第015368號,圓形,橘
衛署藥製字第015387號,圓形,黃
衛署藥製字第015409號,圓形,白
衛署藥製字第015410號,圓形,綠
衛署藥製字第015452號,膠囊,藍;;;白
衛署藥製字第015461號,膠囊,棕;;;黃
衛署藥製字第015529號,圓形,粉
衛署藥製字第015540號,圓形,黃
衛署藥製字第015543號,圓形,白
衛署藥製字第015596號,圓形,黃
衛署藥製字第015622號,圓形,橘
衛署藥製字第015629號,圓形,綠
衛署藥製字第015651號,圓形,藍
衛署藥製字第015660號,膠囊,綠;;;白
衛署藥製字第015740號,膠囊,紅;;;透明
衛署藥製字第015748號,圓形,白
衛署藥製字第015760號,圓形,白
衛署藥製字第015791號,膠囊,黑;;;棕
衛署藥製字第015834號,圓形,白
衛署藥製字第015837號,圓形,白
衛署藥製字第015910號,三角形,白
衛署藥製字第015992號,橢圓形,白
衛署藥製字第016028號,圓形,白;;;黃
衛署藥製字第016055號,圓形,橘
衛署藥製字第016093號,橢圓形,白
衛署藥製字第016129號,膠囊,紫;;;白
衛署藥製字第016141號,橢圓形,黃
衛署藥製字第016158號,膠囊,橘;;;白
衛署藥製字第016159號,圓形,黃
衛署藥製字第016162號,圓形,白
衛署藥製字第016195號,圓形,白
衛署藥製字第016226號,圓形,黃
衛署藥製字第016298號,橢圓形,藍
衛署藥製字第016374號,圓形,白
衛署藥製字第016378號,膠囊,紅;;;灰
衛署藥製字第016395號,圓形,白
衛署藥製字第016420號,圓形,白
衛署藥製字第016432號,圓形,白
衛署藥製字第016444號,圓形,黃
衛署藥製字第016449號,圓形,綠
衛署藥製字第016485號,膠囊,藍;;;黃
衛署藥製字第016489號,圓形,粉
衛署藥製字第016496號,圓形,黃
衛署藥製字第016679號,圓形,白
衛署藥製字第016692號,圓形,白
衛署藥製字第016698號,圓形,藍
衛署藥製字第016850號,圓形,白
衛署藥製字第016859號,橢圓形,黃
衛署藥製字第016932號,圓形,粉
衛署藥製字第016944號,圓形,白
衛署藥製字第016953號,膠囊,紅;;;紅
衛署藥製字第016962號,圓形,橘
衛署藥製字第016964號,圓形,黃
衛署藥製字第016969號,圓形,黃
衛署藥製字第016972號,圓形,白
衛署藥製字第017082號,圓形,白
衛署藥製字第017084號,膠囊,白;;;白
衛署藥製字第017087號,圓形,紅
衛署藥製字第017124號,三角形,藍
衛署藥製字第017127號,圓形,橘
衛署藥製字第017136號,圓形,粉
衛署藥製字第017153號,圓形,白
衛署藥製字第017199號,膠囊,棕;;;粉
衛署藥製字第017205號,圓形,黃
衛署藥製字第017242號,圓形,白
衛署藥製字第017280號,顆粒劑、粉劑或散劑,粉
衛署藥製字第017291號,圓形,白
衛署藥製字第017299號,膠囊,紅;;;透明
衛署藥製字第017328號,圓形,粉
衛署藥製字第017361號,圓形,白
衛署藥製字第017382號,圓形,粉
衛署藥製字第017383號,膠囊,綠;;;白
衛署藥製字第017384號,膠囊,紅;;;白
衛署藥製字第017387號,圓形,紅
衛署藥製字第017508號,膠囊,綠;;;黃
衛署藥製字第017545號,橢圓形,黃
衛署藥製字第017572號,圓形;;;圓形,黃;;;橘
衛署藥製字第017735號,圓形,白
衛署藥製字第017809號,圓形,黃
衛署藥製字第017860號,圓形,白
衛署藥製字第017984號,圓形,白
衛署藥製字第018037號,圓形,白
衛署藥製字第018069號,橢圓形,黃
衛署藥製字第018132號,圓形,白
衛署藥製字第018136號,圓形,白
衛署藥製字第018149號,圓形;;;四邊形,白;;;白
衛署藥製字第018157號,其他,白
衛署藥製字第018171號,圓形,綠
衛署藥製字第018172號,圓形,粉
衛署藥製字第018176號,膠囊,紅;;;粉
衛署藥製字第018193號,膠囊,藍;;;粉
衛署藥製字第018240號,圓形,白
衛署藥製字第018251號,圓形,粉
衛署藥製字第018332號,圓形,黃
衛署藥製字第018342號,圓形,黃;;;黃
衛署藥製字第018373號,膠囊,藍;;;黃
衛署藥製字第018414號,圓形,粉
衛署藥製字第018416號,橢圓形,棕
衛署藥製字第018432號,圓形,白
衛署藥製字第018444號,圓形,黃
衛署藥製字第018458號,圓形,藍
衛署藥製字第018498號,圓形,綠
衛署藥製字第018556號,圓形,白
衛署藥製字第029759號,膠囊,紅;;;粉
衛署藥製字第029784號,六邊形,紅
衛署藥製字第029793號,圓形,白
衛署藥製字第029794號,圓形,白
衛署藥製字第029796號,圓形,白
衛署藥製字第029797號,圓形,白
衛署藥製字第029798號,橢圓形,白
衛署藥製字第029804號,圓形,黃
衛署藥製字第029810號,圓形,橘
衛署藥製字第029812號,四邊形,白
衛署藥製字第029823號,膠囊,粉;;;粉
衛署藥製字第029828號,圓形,白
衛署藥製字第029833號,四邊形,白
衛署藥製字第029853號,膠囊,綠;;;黃
衛署藥製字第029863號,橢圓形,黃
衛署藥製字第029875號,膠囊,藍綠;;;藍綠
衛署藥製字第029883號,圓形,黃
衛署藥製字第029885號,橢圓形,黃
衛署藥製字第029905號,圓形,白
衛署藥製字第029917號,圓形,白
衛署藥製字第029921號,圓形,黃
衛署藥製字第029926號,膠囊,黃;;;黃
衛署藥製字第029951號,圓形,白
衛署藥製字第029988號,圓形,白
衛署藥製字第030119號,橢圓形,黃
衛署藥製字第030120號,圓形,黃
衛署藥製字第030257號,圓形,橘
衛署藥製字第030259號,膠囊,藍;;;藍
衛署藥製字第030304號,圓形,白
衛署藥製字第030396號,圓形,藍
衛署藥製字第030416號,圓形,白
衛署藥製字第030418號,圓形,白
衛署藥製字第030466號,橢圓形,白
衛署藥製字第030467號,膠囊,黃;;;黃
衛署藥製字第030507號,圓形,藍
衛署藥製字第030508號,圓形,棕
衛署藥製字第030515號,液劑(包含糖漿用粉劑),棕
衛署藥製字第030526號,圓形,白
衛署藥製字第030545號,膠囊,橘;;;橘
衛署藥製字第030549號,圓形,綠
衛署藥製字第030557號,圓形,橘
衛署藥製字第030601號,圓形,粉
衛署藥製字第030605號,膠囊,綠;;;透明
衛署藥製字第030619號,圓形,白
衛署藥製字第030629號,圓形,白
衛署藥製字第030641號,圓形,黃
衛署藥製字第030648號,膠囊,綠;;;白
衛署藥製字第030649號,圓形,黃
衛署藥製字第030689號,圓形,黃
衛署藥製字第030692號,橢圓形,白
衛署藥製字第030694號,橢圓形,橘
衛署藥製字第030695號,橢圓形,粉
衛署藥製字第030697號,橢圓形,黃
衛署藥製字第030741號,圓形,白
衛署藥製字第030749號,橢圓形,綠
衛署藥製字第030759號,橢圓形,黃
衛署藥製字第030766號,圓形,黃
衛署藥製字第030767號,膠囊,紫;;;白
衛署藥製字第030803號,圓形,黃
衛署藥製字第030836號,液劑(包含糖漿用粉劑),棕
衛署藥製字第030837號,圓形,白
衛署藥製字第030889號,膠囊,紅;;;粉
衛署藥製字第030890號,橢圓形,白
衛署藥製字第030894號,圓形,橘
衛署藥製字第030895號,圓形,橘
衛署藥製字第030896號,圓形,橘
衛署藥製字第030936號,圓形,白
衛署藥製字第030964號,圓形,黃
衛署藥製字第030967號,圓形,紅
衛署藥製字第030974號,圓形,白;;;粉
衛署藥製字第030996號,圓形,白
衛署藥製字第031014號,膠囊,藍綠;;;黃
衛署藥製字第031054號,六邊形,白
衛署藥製字第031055號,圓形,黃
衛署藥製字第031058號,圓形,白
衛署藥製字第031072號,膠囊,藍;;;橘
衛署藥製字第031073號,膠囊,藍;;;藍
衛署藥製字第031101號,膠囊,棕;;;棕
衛署藥製字第031113號,顆粒劑、粉劑或散劑,粉
衛署藥製字第031119號,膠囊,紫;;;紫
衛署藥製字第031168號,圓形,白
衛署藥製字第031171號,膠囊,紅;;;紫
衛署藥製字第031179號,圓形,白
衛署藥製字第031187號,圓形,橘
衛署藥製字第031190號,膠囊,紅;;;黃
衛署藥製字第031193號,液劑(包含糖漿用粉劑),棕
衛署藥製字第031194號,圓形,白
衛署藥製字第031223號,圓形,白
衛署藥製字第031225號,圓形,橘
衛署藥製字第031228號,圓形,紅
衛署藥製字第031260號,圓形,綠
衛署藥製字第031268號,膠囊,綠;;;白
衛署藥製字第031276號,膠囊,棕;;;綠
衛署藥製字第031280號,膠囊,橘;;;橘
衛署藥製字第031282號,圓形,白
衛署藥製字第031283號,圓形,白
衛署藥製字第031291號,橢圓形,白
衛署藥製字第031292號,圓形,綠
衛署藥製字第031295號,膠囊,白;;;白
衛署藥製字第031308號,圓形,橘
衛署藥製字第031309號,圓形,白
衛署藥製字第031320號,顆粒劑、粉劑或散劑,橘
衛署藥製字第031326號,液劑(包含糖漿用粉劑),黑
衛署藥製字第031348號,圓形,黃
衛署藥製字第031350號,液劑(包含糖漿用粉劑),灰
衛署藥製字第031355號,圓形,綠
衛署藥製字第031358號,四邊形,黃
衛署藥製字第031359號,圓形,黃;;;白
衛署藥製字第031360號,圓形,棕
衛署藥製字第031366號,橢圓形,粉
衛署藥製字第031368號,,
衛署藥製字第031447號,圓形,橘
衛署藥製字第031448號,膠囊,紅;;;紅
衛署藥製字第031450號,圓形,綠
衛署藥製字第031481號,膠囊,紅;;;紅
衛署藥製字第031489號,圓形,黃
衛署藥製字第031491號,圓形,綠
衛署藥製字第031493號,圓形,黃
衛署藥製字第031501號,膠囊,紅;;;透明
衛署藥製字第031507號,八邊形,黃
衛署藥製字第031512號,顆粒劑、粉劑或散劑,黃
衛署藥製字第031514號,圓形,白
衛署藥製字第031515號,圓形,藍
衛署藥製字第031525號,膠囊,橘;;;白
衛署藥製字第031534號,圓形,綠
衛署藥製字第031536號,圓形,黃
衛署藥製字第031540號,圓形,黃
衛署藥製字第031544號,膠囊,紅;;;紅
衛署藥製字第031592號,四邊形,粉
衛署藥製字第031593號,圓形,黃
衛署藥製字第031596號,圓形,白
衛署藥製字第031609號,圓形,橘
衛署藥製字第031641號,圓形,白
衛署藥製字第031658號,圓形,黃
衛署藥製字第031660號,膠囊,黃;;;透明
衛署藥製字第031662號,圓形,白
衛署藥製字第031666號,橢圓形,白
衛署藥製字第031669號,圓形,黃
衛署藥製字第031676號,圓形,白
衛署藥製字第031680號,圓形,白;;;白
衛署藥製字第031690號,圓形,白
衛署藥製字第031694號,圓形,白
衛署藥製字第031778號,四邊形,紅
衛署藥製字第031796號,圓形,白
衛署藥製字第031800號,圓形,白
衛署藥製字第031801號,膠囊,藍綠;;;藍綠
衛署藥製字第031823號,圓形,白
衛署藥製字第031824號,四邊形,白
衛署藥製字第031825號,圓形,白
衛署藥製字第031894號,五邊形,黃
衛署藥製字第031907號,膠囊,黃;;;黃
衛署藥製字第031910號,膠囊,棕
衛署藥製字第031912號,圓形,白
衛署藥製字第031952號,膠囊,紅;;;灰
衛署藥製字第031975號,圓形,白
衛署藥製字第031979號,圓形,白
衛署藥製字第031999號,圓形,白
衛署藥製字第032000號,圓形,黃
衛署藥製字第032001號,圓形,白
衛署藥製字第032002號,橢圓形,橘
衛署藥製字第032003號,圓形,粉
衛署藥製字第032007號,圓形,白
衛署藥製字第032029號,圓形,藍
衛署藥製字第039871號,圓形,橘
衛署藥製字第039880號,顆粒劑、粉劑或散劑,白
衛署藥製字第039893號,圓形,橘
衛署藥製字第039910號,橢圓形,黃
衛署藥製字第039928號,圓形,白;;;白
衛署藥製字第039929號,圓形,橘
衛署藥製字第039931號,膠囊,紅;;;紫
衛署藥製字第039932號,橢圓形,白
衛署藥製字第039945號,圓形,黃
衛署藥製字第039950號,膠囊,紅;;;紫
衛署藥製字第039953號,其他,白
衛署藥製字第039970號,圓形,橘
衛署藥製字第039974號,四邊形,白
衛署藥製字第040011號,膠囊,紅
衛署藥製字第040038號,圓形,黃
衛署藥製字第040042號,圓形,橘
衛署藥製字第040046號,膠囊,藍;;;橘
衛署藥製字第040047號,橢圓形,白
衛署藥製字第040049號,圓形,白
衛署藥製字第040050號,膠囊,棕;;;橘
衛署藥製字第040051號,圓形,紫
衛署藥製字第040066號,圓形,橘
衛署藥製字第040067號,膠囊,藍;;;白
衛署藥製字第040090號,六邊形,藍
衛署藥製字第040106號,圓形,白
衛署藥製字第040119號,四邊形,白
衛署藥製字第040123號,圓形,白
衛署藥製字第040130號,四邊形,白
衛署藥製字第040134號,圓形,白
衛署藥製字第040148號,圓形,白
衛署藥製字第040152號,圓形,白
衛署藥製字第040163號,圓形;;;圓形,綠;;;橘
衛署藥製字第040168號,膠囊,橘
衛署藥製字第040171號,圓形,白
衛署藥製字第040174號,膠囊,藍;;;黃
衛署藥製字第040175號,四邊形,白
衛署藥製字第040198號,圓形,粉
衛署藥製字第040202號,橢圓形,白
衛署藥製字第040206號,四邊形,橘
衛署藥製字第040232號,圓形,白
衛署藥製字第040245號,其他,白
衛署藥製字第040298號,圓形,綠
衛署藥製字第040301號,膠囊,紅;;;黃
衛署藥製字第040302號,圓形,白
衛署藥製字第040306號,膠囊,棕;;;棕
衛署藥製字第040309號,膠囊,棕;;;棕
衛署藥製字第040334號,橢圓形,粉
衛署藥製字第040342號,膠囊,紅;;;紅
衛署藥製字第040351號,圓形,棕
衛署藥製字第040361號,橢圓形,黃
衛署藥製字第040399號,橢圓形,白
衛署藥製字第040421號,圓形,黃
衛署藥製字第040429號,圓形,白
衛署藥製字第040523號,圓形,橘
衛署藥製字第040536號,圓形,白
衛署藥製字第040544號,圓形,白
衛署藥製字第040545號,圓形,白
衛署藥製字第040568號,圓形,黃
衛署藥製字第040574號,橢圓形,白
衛署藥製字第040575號,圓形,橘
衛署藥製字第040615號,圓形,橘
衛署藥製字第040639號,膠囊,綠;;;白
衛署藥製字第040644號,膠囊,藍;;;橘
衛署藥製字第040649號,圓形,白
衛署藥製字第040653號,圓形,黃
衛署藥製字第040655號,圓形,黃
衛署藥製字第040680號,圓形,白
衛署藥製字第040685號,四邊形,橘
衛署藥製字第040686號,膠囊,黃;;;透明
衛署藥製字第040688號,膠囊,紅;;;白
衛署藥製字第040698號,四邊形,黃
衛署藥製字第040699號,圓形,棕
衛署藥製字第040715號,圓形,白
衛署藥製字第040716號,圓形,白
衛署藥製字第040777號,其他,綠
衛署藥製字第040781號,圓形,白
衛署藥製字第040783號,圓形,黃
衛署藥製字第040787號,圓形,白
衛署藥製字第040791號,圓形,綠
衛署藥製字第040794號,圓形,粉
衛署藥製字第040810號,膠囊,紅;;;白
衛署藥製字第040817號,膠囊,紅;;;白
衛署藥製字第040825號,六邊形,白
衛署藥製字第040835號,圓形,白
衛署藥製字第040864號,橢圓形,粉;;;黃
衛署藥製字第040871號,圓形,棕
衛署藥製字第040881號,膠囊,藍;;;藍
衛署藥製字第040887號,圓形,黃
衛署藥製字第040890號,,;;;
衛署藥製字第040892號,圓形,白
衛署藥製字第040894號,膠囊,紅;;;紅
衛署藥製字第040895號,橢圓形,白
衛署藥製字第040897號,膠囊,紅;;;白
衛署藥製字第040908號,四邊形,白
衛署藥製字第040930號,圓形,白
衛署藥製字第040974號,其他,白
衛署藥製字第040977號,圓形,白
衛署藥製字第040979號,圓形,綠
衛署藥製字第040983號,橢圓形,粉;;;黃
衛署藥製字第040986號,圓形,白
衛署藥製字第041011號,膠囊,棕;;;棕
衛署藥製字第041019號,圓形,白
衛署藥製字第041020號,圓形,綠
衛署藥製字第041021號,圓形,白
衛署藥製字第041022號,膠囊,黑;;;黃
衛署藥製字第041025號,膠囊,綠;;;黃
衛署藥製字第041030號,圓形,黃
衛署藥製字第041035號,圓形,橘
衛署藥製字第041038號,橢圓形,紅
衛署藥製字第041047號,膠囊,棕;;;透明
衛署藥製字第041058號,圓形,橘
衛署藥製字第041065號,膠囊,紅;;;黃
衛署藥製字第041069號,膠囊,橘;;;黃
衛署藥製字第041070號,膠囊,白;;;白
衛署藥製字第041074號,膠囊,紅;;;白
衛署藥製字第041076號,膠囊,藍;;;白
衛署藥製字第041167號,膠囊,紅;;;黃
衛署藥製字第041169號,圓形,白
衛署藥製字第041213號,圓形,白
衛署藥製字第041230號,圓形,白
衛署藥製字第041233號,橢圓形,白
衛署藥製字第041238號,橢圓形,粉
衛署藥製字第041239號,膠囊,白;;;粉
衛署藥製字第041243號,顆粒劑、粉劑或散劑,綠
衛署藥製字第041244號,膠囊,棕;;;棕
衛署藥製字第041247號,圓形,白
衛署藥製字第041250號,膠囊,紅;;;白
衛署藥製字第041253號,膠囊,紅;;;白
衛署藥製字第041264號,圓形,紫
衛署藥製字第041269號,圓形,白
衛署藥製字第041270號,圓形,橘
衛署藥製字第041277號,橢圓形,白
衛署藥製字第041287號,其他,白
衛署藥製字第041289號,圓形,粉
衛署藥製字第041296號,膠囊,橘;;;黃
衛署藥製字第041316號,圓形,粉
衛署藥製字第041318號,圓形,黃
衛署藥製字第041328號,圓形,白
衛署藥製字第041338號,膠囊,綠;;;黃
衛署藥製字第041344號,膠囊,紅;;;藍
衛署藥製字第041345號,圓形,黃
衛署藥製字第041350號,圓形,白
衛署藥製字第041352號,圓形,白
衛署藥製字第041358號,圓形,藍
衛署藥製字第041369號,膠囊,紅;;;黃
衛署藥製字第041373號,膠囊,橘;;;黃
衛署藥製字第041378號,四邊形,黃
衛署藥製字第041380號,圓形,黃
衛署藥製字第041420號,膠囊,橘;;;橘
衛署藥製字第041429號,圓形,白
衛署藥製字第041435號,膠囊,紅;;;白
衛署藥製字第041440號,膠囊,紅;;;白
衛署藥製字第041445號,圓形,白
衛署藥製字第041454號,圓形,白
衛署藥製字第041457號,圓形,白
衛署藥製字第041458號,液劑(包含糖漿用粉劑),棕
衛署藥製字第041465號,橢圓形,白
衛署藥製字第041476號,圓形,棕
衛署藥製字第041488號,橢圓形,白
衛署藥製字第057274號,膠囊,白;;;白
衛署藥製字第057275號,四邊形,橘
衛署藥製字第057280號,橢圓形,粉
衛署藥製字第057283號,圓形,白
衛署藥製字第057292號,橢圓形,白
衛署藥製字第057296號,膠囊,粉;;;白
衛署藥製字第057297號,橢圓形,橘
衛署藥製字第057298號,橢圓形,白
衛署藥製字第057300號,圓形,白
衛署藥製字第057306號,四邊形,白
衛署藥製字第057308號,圓形,綠
衛署藥製字第057310號,圓形,橘
衛署藥製字第057312號,圓形,白
衛署藥製字第057316號,顆粒劑、粉劑或散劑,黃
衛署藥製字第057319號,圓形,白
衛署藥製字第057320號,四邊形,粉
衛署藥製字第057321號,圓形,黃
衛署藥製字第057322號,三角形,白
衛署藥製字第057324號,圓形,黃
衛署藥製字第057335號,圓形,白
衛署藥製字第057338號,圓形,綠
衛署藥製字第057339號,圓形,白
衛署藥製字第057342號,橢圓形,粉
衛署藥製字第057343號,橢圓形,橘
衛署藥製字第057347號,橢圓形,白
衛署藥製字第057348號,圓形,白
衛署藥製字第057349號,圓形,藍
衛署藥製字第057350號,圓形,藍
衛署藥製字第057351號,橢圓形,黃
衛署藥製字第057352號,橢圓形,白
衛署藥製字第057356號,膠囊,橘;;;透明
衛署藥製字第057361號,橢圓形,紅
衛署藥製字第057363號,橢圓形,藍
衛署藥製字第057364號,圓形,黃
衛署藥製字第057366號,橢圓形,白
衛署藥製字第057367號,橢圓形,白
衛署藥製字第057368號,四邊形,黃
衛署藥製字第057370號,圓形,粉
衛署藥製字第057372號,圓形,白
衛署藥製字第057373號,圓形,白
衛署藥製字第057378號,橢圓形,白
衛署藥製字第057380號,橢圓形,黃
衛署藥製字第057381號,圓形,紅
衛署藥製字第057383號,橢圓形,白
衛署藥製字第057384號,圓形,白
衛署藥製字第057397號,圓形,白
衛署藥製字第057399號,圓形,紫
衛署藥製字第057400號,圓形,白
衛署藥製字第057401號,膠囊,藍;;;藍
衛署藥製字第057402號,圓形,黃
衛署藥製字第057404號,圓形,橘
衛署藥製字第057409號,圓形,白
衛署藥製字第057410號,橢圓形,白
衛署藥製字第057426號,四邊形,橘
衛署藥製字第057729號,圓形,橘
衛署藥製字第057731號,圓形,白
衛署藥製字第057732號,圓形,黃
衛署藥製字第057740號,橢圓形,粉
衛署藥製字第057743號,膠囊,藍;;;綠
衛署藥製字第057754號,膠囊,棕;;;棕
衛署藥製字第057755號,膠囊,橘;;;黃
衛署藥製字第057757號,橢圓形,藍
衛署藥製字第057759號,圓形,白
衛署藥製字第057763號,橢圓形,粉
衛署藥製字第057769號,圓形,白
衛署藥製字第057774號,橢圓形,白
衛署藥製字第057786號,三角形,白
衛署藥製字第057789號,圓形,粉
衛署藥製字第057791號,圓形,白
衛署藥製字第057797號,圓形,黃
衛署藥製字第057799號,橢圓形,白
衛署藥製字第057802號,圓形,粉
衛署藥製字第057803號,圓形,粉
衛署藥製字第057809號,圓形,橘
衛署藥製字第057811號,圓形,黃
衛署藥製字第057816號,圓形,黃
衛署藥製字第057817號,橢圓形,白
衛署藥製字第057818號,圓形,黃
衛署藥製字第057819號,圓形,橘
衛署藥製字第057821號,橢圓形,白
衛署藥製字第057825號,圓形,白
衛署藥製字第057829號,圓形,橘
衛署藥製字第057839號,四邊形,綠
衛署藥製字第057841號,圓形,黃
衛署藥製字第057842號,橢圓形,白
衛署藥製字第057843號,圓形,黃
衛署藥製字第057845號,雙圓形,綠
衛署藥製字第057848號,膠囊,綠;;;黃
衛署藥製字第057850號,橢圓形,橘
衛署藥製字第057852號,橢圓形,白
衛署藥製字第057856號,三角形,粉
衛署藥製字第057857號,四邊形,橘
衛署藥製字第057858號,膠囊,白;;;白
衛署藥製字第057859號,水滴形,白
衛署藥製字第057860號,橢圓形,黃
衛署藥製字第057861號,橢圓形,黃
衛署藥製字第057862號,膠囊,藍;;;白
衛署藥製字第057864號,橢圓形,白
衛署藥製字第057880號,圓形,粉
衛署藥製字第057881號,,
衛署藥製字第057883號,膠囊,白;;;白
衛署藥製字第057885號,,
衛署藥製字第057886號,,
衛署藥製字第057887號,圓形,白
衛署藥製字第057891號,圓形,橘
衛署藥製字第057892號,圓形,粉
衛署藥製字第057893號,四邊形,白
衛署藥製字第057902號,圓形,白
衛署藥製字第057905號,圓形,紅
衛署藥製字第057908號,膠囊,藍;;;藍
衛署藥製字第057909號,圓形,紅
衛署藥製字第057910號,橢圓形,橘
衛署藥製字第057911號,圓形,黃
衛署藥製字第057915號,圓形,棕
衛署藥製字第057921號,圓形,白
衛署藥製字第057922號,膠囊,藍;;;藍
衛署藥製字第057925號,四邊形,白
衛署藥製字第057926號,圓形,白
衛署藥製字第057929號,圓形,白
衛署藥製字第057934號,膠囊,藍;;;藍
衛署藥製字第057939號,圓形,粉
衛署藥製字第057940號,圓形,粉
衛署藥製字第057943號,膠囊,紅;;;粉
衛署藥製字第057944號,圓形,白
衛署藥製字第057947號,膠囊,藍;;;藍
衛署藥製字第057948號,圓形,白
衛署藥製字第057950號,橢圓形,白
衛署藥製字第057951號,圓形,黃
衛署藥製字第057966號,橢圓形,紅
衛署藥製字第057974號,橢圓形,黃
衛署藥製字第057975號,八邊形,藍
衛署藥製字第057976號,橢圓形,紅
衛署藥製字第057989號,雙圓形,藍
衛署藥製字第057990號,八邊形,橘
衛署藥製字第057991號,膠囊,透明
衛署藥製字第057994號,橢圓形,粉
衛署藥製字第057995號,圓形,黃
衛署藥製字第058017號,圓形,粉
衛署藥輸字第001879號,,
衛署藥輸字第003077號,圓形,粉
衛署藥輸字第003078號,圓形,白
衛署藥輸字第004457號,圓形,粉
衛署藥輸字第004459號,圓形,白
衛署藥輸字第007152號,圓形,白
衛署藥輸字第007216號,圓形,棕
衛署藥輸字第007538號,圓形,白
衛署藥輸字第008644號,顆粒劑、粉劑或散劑,白
衛署藥輸字第009145號,圓形,白
衛署藥輸字第009146號,圓形,棕
衛署藥輸字第009313號,液劑(包含糖漿用粉劑),透明
衛署藥輸字第009796號,圓形,粉
衛署藥輸字第010641號,膠囊,紅;;;白
衛署藥輸字第011051號,圓形,白
衛署藥輸字第011649號,圓形,白
衛署藥輸字第012540號,膠囊,綠
衛署藥輸字第012554號,圓形,白
衛署藥輸字第012601號,圓形,白
衛署藥輸字第012873號,圓形,白
衛署藥輸字第012946號,圓形,白
衛署藥輸字第012963號,液劑(包含糖漿用粉劑),透明
衛署藥輸字第013059號,,
衛署藥輸字第013086號,顆粒劑、粉劑或散劑,黃
衛署藥輸字第014029號,圓形,橘
衛署藥輸字第014822號,圓形,白
衛署藥輸字第014860號,圓形,藍
衛署藥輸字第014899號,圓形,白
衛署藥輸字第014966號,橢圓形,粉;;;白
衛署藥輸字第014967號,橢圓形,粉
衛署藥輸字第015290號,圓形,白
衛署藥輸字第015456號,膠囊,白
衛署藥輸字第016120號,膠囊,白;;;白
衛署藥輸字第016194號,圓形,黃
衛署藥輸字第016504號,圓形,黑
衛署藥輸字第016846號,圓形,白
衛署藥輸字第016898號,膠囊,橘
衛署藥輸字第016973號,膠囊,橘
衛部藥製字第059832號,四邊形,紫
衛部藥製字第059835號,圓形,黃
衛部藥製字第059841號,橢圓形,橘
衛部藥製字第059850號,膠囊,棕;;;粉
衛部藥製字第059856號,圓形,黃
衛部藥製字第059862號,圓形,黃
衛部藥製字第059864號,液劑(包含糖漿用粉劑),紅
衛部藥製字第059866號,圓形,黃
衛部藥製字第059872號,水滴形,藍
衛部藥製字第059888號,橢圓形,粉
衛部藥製字第059894號,圓形,紅;;;紅
衛部藥製字第059896號,膠囊,綠;;;棕
衛部藥製字第059897號,膠囊,黃;;;灰
衛部藥製字第059898號,膠囊,棕;;;灰
衛部藥製字第059902號,四邊形,白
衛部藥製字第060104號,膠囊,綠;;;黃
衛部藥製字第060105號,圓形,黃
衛部藥製字第060106號,圓形,黃
衛部藥製字第060109號,三角形,紅;;;紅
衛部藥製字第060110號,液劑(包含糖漿用粉劑),粉
衛部藥製字第060114號,圓形,黃
衛部藥製字第060119號,圓形;;;圓形,黃;;;黃
衛部藥製字第060122號,液劑(包含糖漿用粉劑),透明
衛部藥製字第060125號,液劑(包含糖漿用粉劑),透明
衛部藥製字第060126號,顆粒劑、粉劑或散劑,橘
衛部藥製字第060133號,四邊形,黃
衛部藥製字第060134號,橢圓形,白
衛部藥製字第060152號,膠囊,灰;;;灰
衛部藥製字第060153號,膠囊,白;;;白
衛部藥製字第060154號,圓形,粉
衛部藥製字第060156號,圓形,白
衛部藥製字第060157號,圓形,黃
衛部藥製字第060158號,液劑(包含糖漿用粉劑),白
衛部藥製字第060159號,三角形;;;三角形,白;;;白
衛部藥製字第060165號,膠囊,黃
衛部藥製字第060168號,圓形,橘
衛部藥製字第060175號,圓形,白
衛部藥製字第060182號,圓形,棕
衛部藥製字第060185號,圓形,橘
衛部藥製字第060187號,圓形,白
衛部藥製字第060188號,其他,綠
衛部藥製字第060189號,圓形,白
衛部藥製字第060190號,膠囊,紅;;;白
衛部藥製字第060191號,膠囊,黑;;;黃
衛部藥製字第060193號,膠囊,紅;;;白
衛部藥製字第060197號,圓形,粉
衛部藥製字第060205號,圓形,紅;;;紅
衛部藥製字第060208號,膠囊,紅;;;紅
衛部藥製字第060217號,顆粒劑、粉劑或散劑,白
衛部藥製字第060219號,水滴形,藍
衛部藥製字第060220號,圓形,黃;;;棕
衛部藥製字第060233號,橢圓形,白
衛部藥製字第060234號,圓形,紅
衛部藥製字第060236號,其他,黃
衛部藥製字第060237號,圓形,白
衛部藥製字第060243號,圓形,白
衛部藥製字第060247號,圓形,白
衛部藥製字第060253號,圓形,黃;;;黃
衛部藥製字第060258號,四邊形,粉
衛部藥製字第060259號,四邊形,白
衛部藥製字第060262號,膠囊,白;;;白
衛部藥製字第060264號,膠囊,黃;;;綠
衛部藥製字第060265號,膠囊,橘;;;黃
衛部藥製字第060266號,膠囊,藍;;;綠
衛部藥製字第060267號,膠囊,藍;;;粉
衛部藥製字第060270號,橢圓形,白
衛部藥製字第060273號,膠囊,紅;;;白
衛部藥製字第060277號,圓形,白
衛部藥製字第060294號,膠囊,白;;;白
衛部藥製字第060299號,橢圓形,黃
衛部藥製字第060305號,膠囊,藍;;;白
衛部藥製字第060306號,膠囊,藍;;;藍綠
衛部藥製字第060307號,膠囊,藍;;;黃
衛部藥製字第060308號,膠囊,藍;;;藍
衛部藥製字第060311號,膠囊,白;;;白
衛部藥製字第060314號,膠囊,藍;;;橘
衛部藥製字第060316號,膠囊,藍;;;黃
衛部藥製字第060318號,圓形,綠
衛部藥製字第060320號,液劑(包含糖漿用粉劑),透明
衛部藥製字第060326號,圓形,橘
衛部藥製字第060327號,圓形,白
衛部藥製字第060328號,圓形,黃
衛部藥製字第060335號,圓形,黃
衛部藥製字第060341號,液劑(包含糖漿用粉劑),紅
衛部藥製字第060354號,其他,棕
衛部藥製字第060357號,圓形,白
衛部藥製字第060358號,圓形,橘
衛部藥製字第060359號,,
衛部藥製字第060371號,其他,白
衛部藥製字第060388號,圓形,白
衛部藥製字第060391號,圓形,粉
衛部藥製字第060402號,橢圓形,白
衛部藥製字第060408號,膠囊,藍;;;粉
衛部藥製字第060409號,圓形,白
衛部藥製字第060414號,圓形,棕
衛部藥製字第060429號,水滴形,黃
衛部藥製字第060433號,膠囊,橘;;;黑
衛部藥製字第060436號,圓形,白
衛部藥製字第060437號,圓形,黃
衛部藥製字第060441號,橢圓形,橘
衛部藥製字第060457號,橢圓形,黃
衛部藥製字第060458號,圓形,黃
衛部藥製字第060459號,膠囊,黃
衛部藥製字第060461號,圓形,粉
衛部藥製字第060462號,液劑(包含糖漿用粉劑),白
衛部藥製字第060472號,圓形,棕
衛部藥製字第060479號,膠囊,紅;;;黃
衛部藥製字第060480號,膠囊,橘;;;白
衛部藥製字第060481號,橢圓形,橘
衛部藥製字第060482號,膠囊,白;;;白
衛部藥製字第060489號,,
衛部藥製字第060501號,圓形,黃
衛部藥製字第060510號,其他,白
衛部藥製字第060511號,圓形,黃
衛部藥製字第060520號,圓形,白
衛部藥製字第060522號,橢圓形,黃
衛部藥製字第060526號,橢圓形,白
衛部藥製字第060538號,圓形,黃
衛部藥製字第060546號,四邊形,綠
衛部藥製字第060547號,橢圓形,白
衛部藥製字第060549號,圓形,橘
衛部藥製字第060553號,膠囊,黃
衛部藥製字第060560號,橢圓形,黃
衛部藥製字第060561號,圓形,粉
衛部藥製字第060567號,圓形,白
衛部藥製字第060572號,膠囊,棕;;;棕
衛部藥製字第060584號,圓形,藍
衛部藥製字第060587號,水滴形,黃
衛部藥製字第060589號,四邊形,綠
衛部藥製字第060595號,圓形,白
衛部藥製字第060597號,橢圓形,白
衛部藥製字第060598號,橢圓形,黃
衛部藥製字第060600號,四邊形,白
衛部藥製字第060608號,膠囊,粉
衛部藥製字第060610號,四邊形,白
衛部藥製字第060612號,膠囊,藍;;;白
衛部藥製字第060617號,液劑(包含糖漿用粉劑),透明
衛部藥製字第060824號,,
衛部藥製字第060826號,橢圓形,黃
衛部藥製字第060828號,圓形,白
衛部藥製字第060830號,圓形,白
衛部藥製字第060831號,圓形,紫
衛部藥製字第060834號,水滴形,白
衛部藥製字第060839號,圓形,白
衛部藥製字第060841號,膠囊,黃
衛部藥製字第060849號,膠囊,黃
衛部藥製字第060852號,液劑(包含糖漿用粉劑),黃
衛部藥製字第060856號,圓形,灰
衛部藥製字第060857號,圓形,棕
衛部藥製字第060858號,液劑(包含糖漿用粉劑),黃
衛部藥製字第060862號,,
衛部藥製字第060863號,顆粒劑、粉劑或散劑,白
衛部藥製字第060864號,顆粒劑、粉劑或散劑,白
衛部藥製字第060867號,,
衛部藥製字第060868號,液劑(包含糖漿用粉劑),黑
衛部藥製字第060883號,膠囊,棕;;;棕
衛部藥製字第060886號,橢圓形,白
衛部藥製字第060893號,橢圓形,白
衛部藥製字第060894號,橢圓形,黃
衛部藥製字第060898號,橢圓形,白
衛部藥製字第060899號,橢圓形,白
衛部藥製字第060900號,圓形,粉
衛部藥製字第060901號,圓形,黃
衛部藥製字第060902號,四邊形,橘
衛部藥製字第060904號,圓形,粉
衛部藥輸字第028473號,圓形,白
衛部藥輸字第028476號,圓形,藍
衛部藥輸字第028477號,圓形,白
衛部藥輸字第028478號,橢圓形,黃
衛部藥輸字第028482號,膠囊,紅;;;紅
衛部藥輸字第028491號,,
衛部藥輸字第028492號,橢圓形,藍;;;藍
衛部藥輸字第028504號,橢圓形,黃
衛部藥輸字第028522號,圓形,橘
衛部藥輸字第028536號,圓形,紅
衛部藥輸字第028538號,圓形,白
衛部藥輸字第028540號,橢圓形,白
衛部藥輸字第028548號,膠囊,白
衛部藥輸字第028550號,圓形,黃
衛部藥輸字第028554號,圓形,粉
衛部藥輸字第028556號,圓形,白
衛部藥輸字第028561號,圓形,白;;;灰
衛部藥輸字第028562號,橢圓形,白
衛部藥輸字第028563號,橢圓形,白
衛部藥輸字第028568號,圓形,黃
衛部藥輸字第028569號,四邊形,藍綠
衛部藥輸字第028585號,橢圓形,白
衛部藥輸字第028588號,圓形,白
衛部藥輸字第028596號,,;;;
衛部藥輸字第028597號,液劑(包含糖漿用粉劑),透明
衛部藥輸字第028598號,水滴形,粉
衛部藥輸字第028599號,水滴形,黃
衛部藥輸字第028602號,圓形,白
衛部藥輸字第028603號,圓形,黃
衛部藥輸字第028605號,圓形,白
衛部藥輸字第028606號,膠囊,灰;;;灰
衛部藥輸字第028608號,圓形,白
衛部藥輸字第028610號,四邊形,橘
衛部藥輸字第028611號,膠囊,黃;;;白
衛部藥輸字第028613號,圓形,白
衛部藥輸字第028614號,圓形,紅
衛部藥輸字第028618號,橢圓形,橘
衛部藥輸字第028621號,膠囊,紅;;;紅
衛部藥輸字第028622號,顆粒劑、粉劑或散劑,黃;;;棕
衛部藥輸字第028630號,橢圓形,白
衛部藥輸字第028633號,圓形,白
衛部藥輸字第028636號,膠囊,粉
衛部藥輸字第028639號,圓形,白
衛部藥輸字第028643號,四邊形,粉
衛部藥輸字第028644號,圓形,白
衛部藥輸字第028645號,圓形,白
衛部藥輸字第028649號,圓形,白
衛部藥輸字第028651號,橢圓形,灰;;;灰
衛部藥輸字第028654號,膠囊,藍;;;綠
衛部藥輸字第028660號,顆粒劑、粉劑或散劑,白
衛部藥輸字第028662號,膠囊,藍;;;黃
衛部藥輸字第028663號,,
衛部藥輸字第028666號,圓形,白
衛部藥輸字第028672號,橢圓形,棕;;;棕
衛部藥輸字第028673號,其他,白
衛部藥輸字第028674號,,
衛部藥輸字第028676號,橢圓形,藍
衛部藥輸字第028681號,圓形,白
衛部藥輸字第028682號,橢圓形,白
衛部藥輸字第028684號,橢圓形,紫
衛部藥輸字第028686號,橢圓形,黃
衛部藥輸字第028687號,圓形,黃
衛部藥輸字第028688號,圓形,白
衛部藥輸字第028689號,橢圓形,藍
衛部藥輸字第028690號,圓形,白
衛部藥輸字第028693號,圓形,藍
衛部藥輸字第028697號,四邊形,白
衛部藥輸字第028698號,四邊形,白
衛部藥輸字第028699號,圓形,白
衛部藥輸字第028702號,膠囊,白;;;白
衛部藥輸字第028707號,,
衛部藥輸字第028710號,顆粒劑、粉劑或散劑,白
衛部藥輸字第028712號,圓形;;;圓形,白;;;白
衛部藥輸字第028718號,圓形,粉
衛部藥輸字第028719號,圓形,灰
衛部藥輸字第028722號,圓形,白
衛部藥輸字第028723號,顆粒劑、粉劑或散劑,白
衛部藥輸字第028727號,膠囊;;;膠囊,紅;;;棕;;;紅;;;棕
衛部藥輸字第028728號,四邊形,白
衛部藥輸字第028737號,,
衛部藥輸字第028741號,膠囊,白;;;白
衛部藥輸字第028742號,膠囊,白;;;白
衛部藥輸字第028743號,膠囊,白;;;白
衛部藥輸字第028744號,膠囊,綠;;;白
衛部藥輸字第028748號,四邊形,棕
衛部藥輸字第028750號,顆粒劑、粉劑或散劑,棕;;;白
衛部藥輸字第028758號,,
衛部藥輸字第028767號,顆粒劑、粉劑或散劑;;;顆粒劑、粉劑或散劑;;;顆粒劑、粉劑或散劑;;;顆粒劑、粉劑或散劑,;;;;;;;;;
衛部藥輸字第028769號,膠囊,橘;;;白
衛部藥輸字第028770號,膠囊,綠;;;白
衛部藥輸字第028783號,圓形,白
衛部藥輸字第028787號,圓形,白
衛部藥輸字第028788號,圓形,白
衛部藥輸字第028789號,圓形,白
衛部藥輸字第028790號,橢圓形,粉
衛部藥輸字第028796號,橢圓形,白
衛部藥輸字第028797號,圓形,白
衛部藥輸字第028806號,圓形,黃
衛部藥輸字第028807號,顆粒劑、粉劑或散劑,白
衛部藥輸字第028808號,橢圓形,白
衛部藥輸字第028815號,橢圓形,藍
衛部藥輸字第028816號,圓形,白
衛部藥輸字第028817號,橢圓形,白
衛部藥輸字第028820號,橢圓形,黃
衛部藥輸字第028821號,圓形,黃
衛部藥輸字第028825號,其他,
衛部藥輸字第028841號,圓形,黃
衛部藥輸字第028848號,四邊形,紅
衛部藥輸字第028850號,橢圓形,白
衛部藥輸字第028851號,橢圓形,白
衛部藥輸字第028852號,橢圓形,紅
衛部藥輸字第028853號,膠囊,橘
衛部藥輸字第028855號,橢圓形,紅
衛部藥輸字第028856號,圓形,白
衛部藥輸字第028857號,圓形,棕
衛部藥輸字第028858號,圓形,白
衛部藥輸字第028859號,四邊形,黃
衛部藥輸字第028860號,圓形,棕
衛部藥輸字第028861號,三角形,棕
衛部藥輸字第028862號,四邊形,棕
衛部藥輸字第028863號,圓形,白
衛部藥輸字第028865號,膠囊,白;;;白
衛部藥輸字第028867號,四邊形,白
衛部藥輸字第028868號,圓形,黃
衛部藥輸字第028869號,圓形,白
衛部藥輸字第028870號,圓形,棕
衛部藥輸字第028874號,橢圓形,粉
衛部藥輸字第028876號,橢圓形,粉
衛部藥輸字第028877號,圓形,橘
衛部藥輸字第028878號,圓形,黃
衛部藥輸字第028880號,圓形,白
衛部藥輸字第028881號,,;;;
衛部藥輸字第028883號,圓形,棕
衛部藥輸字第028886號,膠囊,黃;;;白
衛部藥輸字第028887號,膠囊,紅;;;白
衛部藥輸字第028888號,圓形,紅
衛部藥輸字第028889號,圓形,紅
衛部藥輸字第028891號,圓形,白;;;白
衛部藥輸字第028892號,圓形,白;;;白
衛部藥輸字第028896號,橢圓形,藍
衛部藥輸字第028898號,圓形,白;;;白
衛部藥輸字第028899號,四邊形,白;;;白
衛部藥輸字第028902號,圓形,白
衛部藥輸字第028912號,圓形,黃
衛部藥輸字第028917號,圓形,粉
衛部藥輸字第028918號,圓形,粉
衛部藥輸字第028919號,圓形,黃
衛部藥輸字第028921號,膠囊,白;;;棕
衛部藥輸字第028922號,其他,黃
衛部藥輸字第028930號,圓形,黃
衛部藥輸字第028931號,橢圓形,紅
衛部藥輸字第028932號,圓形,紅
衛部藥輸字第028933號,圓形,白
衛部藥輸字第028936號,圓形,黃
衛部藥輸字第028938號,橢圓形,綠
衛部藥輸字第028939號,其他,
衛部藥輸字第028944號,圓形,紅
衛部藥輸字第028945號,橢圓形,粉
衛部藥輸字第028947號,圓形,黃
衛部藥輸字第028948號,圓形,紅
衛部藥輸字第028959號,圓形,白
衛部藥輸字第028961號,液劑(包含糖漿用粉劑),透明
衛部藥輸字第028963號,圓形,黃
衛部藥輸字第028967號,圓形,黃
衛部藥輸字第028972號,其他,粉
衛署藥製字第021830號,圓形,白
衛署藥製字第021882號,膠囊,藍;;;灰
衛署藥製字第021886號,圓形,藍
衛署藥製字第021890號,圓形,白
衛署藥製字第021894號,圓形,棕
衛署藥製字第021923號,圓形,白
衛署藥製字第022043號,圓形,白
衛署藥製字第022069號,膠囊,綠;;;橘
衛署藥製字第022084號,圓形,綠
衛署藥製字第022100號,圓形,白
衛署藥製字第022105號,膠囊,綠;;;黃
衛署藥製字第022117號,四邊形,白
衛署藥製字第022122號,橢圓形,白
衛署藥製字第022123號,膠囊,綠;;;灰
衛署藥製字第022124號,圓形,黃
衛署藥製字第022141號,圓形,白
衛署藥製字第022150號,圓形,白
衛署藥製字第022190號,圓形,藍
衛署藥製字第022207號,圓形,黃
衛署藥製字第022209號,圓形,黃
衛署藥製字第022210號,圓形,白
衛署藥製字第022211號,圓形,藍
衛署藥製字第022219號,圓形,白
衛署藥製字第022223號,橢圓形,黃
衛署藥製字第022265號,圓形,白
衛署藥製字第022289號,膠囊,黃;;;黃
衛署藥製字第022296號,圓形,綠
衛署藥製字第022357號,圓形,白
衛署藥製字第022404號,圓形,白
衛署藥製字第022444號,圓形,白
衛署藥製字第022448號,橢圓形,白
衛署藥製字第022467號,圓形,黃
衛署藥製字第022534號,圓形,黃
衛署藥製字第022535號,圓形,藍
衛署藥製字第022554號,膠囊,綠;;;灰
衛署藥製字第022556號,圓形,黃
衛署藥製字第022557號,圓形,白
衛署藥製字第022559號,圓形,藍
衛署藥製字第022569號,圓形,綠
衛署藥製字第022572號,膠囊,綠;;;黃
衛署藥製字第022573號,膠囊,藍;;;白
衛署藥製字第022586號,膠囊,綠;;;灰
衛署藥製字第022630號,圓形,藍
衛署藥製字第022641號,圓形,粉
衛署藥製字第022656號,圓形,白
衛署藥製字第022658號,橢圓形,白
衛署藥製字第022674號,四邊形,黃
衛署藥製字第022685號,圓形,黃
衛署藥製字第022705號,顆粒劑、粉劑或散劑,黃
衛署藥製字第022722號,圓形,白
衛署藥製字第022726號,膠囊,藍;;;白
衛署藥製字第022746號,圓形,白
衛署藥製字第022747號,圓形,白
衛署藥製字第022801號,圓形,粉
衛署藥製字第022810號,圓形,白
衛署藥製字第022816號,圓形,藍
衛署藥製字第022819號,圓形,粉
衛署藥製字第022852號,圓形,白
衛署藥製字第022856號,圓形,紅
衛署藥製字第022876號,四邊形,白
衛署藥製字第022890號,圓形,白
衛署藥製字第022903號,圓形,綠
衛署藥製字第022908號,圓形,白
衛署藥製字第022964號,膠囊,藍;;;黃
衛署藥製字第022971號,膠囊,灰;;;白
衛署藥製字第022990號,,
衛署藥製字第022995號,圓形,藍
衛署藥製字第023008號,圓形,藍
衛署藥製字第023028號,圓形,白
衛署藥製字第023037號,圓形,粉
衛署藥製字第023041號,圓形,白
衛署藥製字第023102號,橢圓形,白
衛署藥製字第023121號,圓形,白
衛署藥製字第023135號,圓形,藍
衛署藥製字第023143號,圓形,黃
衛署藥製字第023169號,其他,白
衛署藥製字第023186號,圓形,粉
衛署藥製字第023218號,膠囊,黃;;;白
衛署藥製字第023220號,膠囊,紅;;;黃
衛署藥製字第023239號,膠囊,紅;;;黃
衛署藥製字第023264號,膠囊,紅;;;黃
衛署藥製字第023297號,三角形,白
衛署藥製字第023308號,圓形,白
衛署藥製字第023318號,圓形,白
衛署藥製字第023319號,圓形,藍
衛署藥製字第023342號,圓形,白
衛署藥製字第023352號,圓形,白
衛署藥製字第023353號,圓形,白
衛署藥製字第023397號,圓形,白
衛署藥製字第023483號,圓形,藍
衛署藥製字第023490號,圓形,綠
衛署藥製字第023491號,橢圓形,綠
衛署藥製字第023508號,橢圓形,白
衛署藥製字第023521號,圓形,白
衛署藥製字第023524號,圓形,白
衛署藥製字第023534號,圓形,黃
衛署藥製字第023589號,膠囊,綠;;;白
衛署藥製字第023592號,圓形,綠
衛署藥製字第023616號,圓形,白
衛署藥製字第023635號,膠囊,紅;;;黃
衛署藥製字第023644號,五邊形,黃
衛署藥製字第023645號,圓形,白
衛署藥製字第023648號,膠囊,藍;;;棕
衛署藥製字第023652號,膠囊,粉;;;白
衛署藥製字第023654號,膠囊,棕;;;綠
衛署藥製字第023683號,圓形,黃
衛署藥製字第023686號,圓形,白
衛署藥製字第023736號,膠囊,紅;;;藍
衛署藥製字第023743號,圓形,白
衛署藥製字第023756號,膠囊,綠;;;灰
衛署藥製字第023763號,圓形,白
衛署藥製字第023771號,橢圓形,黃
衛署藥製字第023773號,膠囊,紅;;;藍綠
衛署藥製字第023775號,膠囊,黃;;;黃
衛署藥製字第023789號,圓形,白
衛署藥製字第023793號,橢圓形,棕
衛署藥製字第023805號,圓形,白
衛署藥製字第023818號,膠囊,綠;;;棕
衛署藥製字第023820號,圓形,白
衛署藥製字第023822號,圓形,橘
衛署藥製字第023823號,圓形,棕
衛署藥製字第023825號,圓形,藍
衛署藥製字第023845號,圓形,綠
衛署藥製字第023846號,圓形,白
衛署藥製字第023850號,圓形,白
衛署藥製字第023857號,圓形,黃
衛署藥製字第023879號,圓形,白
衛署藥製字第023901號,膠囊,紅;;;藍綠
衛署藥製字第023908號,圓形,橘
衛署藥製字第023996號,膠囊,紅;;;藍
衛署藥製字第024004號,圓形,白
衛署藥製字第024010號,橢圓形,橘
衛署藥製字第024016號,顆粒劑、粉劑或散劑,橘
衛署藥製字第024017號,圓形,綠
衛署藥製字第024018號,膠囊,紅;;;紅
衛署藥製字第024020號,膠囊,紅;;;藍
衛署藥製字第024053號,圓形,紅
衛署藥製字第024055號,圓形,白
衛署藥製字第024076號,圓形,黃
衛署藥製字第024079號,圓形,綠
衛署藥製字第024084號,圓形,粉
衛署藥製字第024098號,圓形,粉
衛署藥製字第024103號,圓形,橘
衛署藥製字第024104號,圓形,粉
衛署藥製字第024127號,圓形,橘
衛署藥製字第024132號,膠囊,橘;;;白
衛署藥製字第024155號,圓形,白
衛署藥製字第024175號,圓形,白
衛署藥製字第024196號,圓形,黃
衛署藥製字第024197號,橢圓形,橘
衛署藥製字第024236號,圓形,藍
衛署藥製字第024239號,圓形,棕
衛署藥製字第024280號,圓形,白
衛署藥製字第024282號,膠囊,橘;;;黃
衛署藥製字第024309號,圓形,粉
衛署藥製字第024310號,圓形,紅
衛署藥製字第024317號,圓形,黃
衛署藥製字第024318號,圓形,黃
衛署藥製字第024330號,膠囊,紅;;;藍
衛署藥製字第024335號,五邊形,白
衛署藥製字第024374號,膠囊;;;膠囊,橘;;;黃;;;橘;;;黃
衛署藥製字第024375號,圓形,白
衛署藥製字第024440號,膠囊,綠;;;綠
衛署藥製字第024463號,圓形,藍
衛署藥製字第024465號,圓形,黃
衛署藥製字第024474號,圓形,白
衛署藥製字第024488號,圓形,白
衛署藥製字第024493號,五邊形,粉
衛署藥製字第024494號,圓形,白
衛署藥製字第024588號,圓形,白
衛署藥製字第024609號,圓形,黃
衛署藥製字第024613號,液劑(包含糖漿用粉劑),白
衛署藥製字第033895號,圓形,橘
衛署藥製字第033896號,圓形,綠
衛署藥製字第033901號,橢圓形,白
衛署藥製字第033902號,膠囊,紅;;;透明
衛署藥製字第033929號,圓形,黃
衛署藥製字第033939號,圓形,白
衛署藥製字第033947號,圓形,白
衛署藥製字第033950號,圓形,黃
衛署藥製字第033959號,橢圓形,藍
衛署藥製字第033960號,膠囊,紅;;;紫
衛署藥製字第033961號,橢圓形,橘
衛署藥製字第033962號,膠囊,橘;;;灰
衛署藥製字第033971號,圓形,藍
衛署藥製字第033998號,液劑(包含糖漿用粉劑),黃
衛署藥製字第034002號,橢圓形,粉
衛署藥製字第034012號,圓形,粉
衛署藥製字第034013號,液劑(包含糖漿用粉劑),白
衛署藥製字第034014號,橢圓形,粉
衛署藥製字第034017號,圓形,黃
衛署藥製字第034018號,圓形,黃
衛署藥製字第034079號,圓形,白
衛署藥製字第034088號,圓形,黃
衛署藥製字第034096號,圓形,白
衛署藥製字第034098號,圓形,白
衛署藥製字第034103號,膠囊,紅;;;紅
衛署藥製字第034105號,圓形,粉
衛署藥製字第034110號,圓形,白
衛署藥製字第034112號,膠囊,綠;;;灰
衛署藥製字第034120號,圓形,白
衛署藥製字第034144號,三角形,粉
衛署藥製字第034157號,橢圓形,粉
衛署藥製字第034171號,膠囊,白;;;白
衛署藥製字第034222號,液劑(包含糖漿用粉劑),紅
衛署藥製字第034223號,液劑(包含糖漿用粉劑),黃
衛署藥製字第034239號,圓形,橘
衛署藥製字第034240號,圓形,白
衛署藥製字第034244號,圓形,白
衛署藥製字第034245號,圓形,黃
衛署藥製字第034272號,圓形,白
衛署藥製字第034283號,橢圓形,黃
衛署藥製字第034285號,橢圓形,藍
衛署藥製字第034300號,圓形,白
衛署藥製字第034305號,液劑(包含糖漿用粉劑),棕
衛署藥製字第034323號,圓形,綠
衛署藥製字第034326號,圓形,白
衛署藥製字第034348號,圓形,白
衛署藥製字第034358號,膠囊,紅;;;白
衛署藥製字第034359號,圓形,白
衛署藥製字第034366號,圓形,藍
衛署藥製字第034373號,圓形,白
衛署藥製字第034504號,圓形,綠
衛署藥製字第034534號,圓形,粉
衛署藥製字第034535號,膠囊,棕;;;粉
衛署藥製字第034537號,圓形,黃
衛署藥製字第034541號,圓形,白
衛署藥製字第034542號,圓形,黃
衛署藥製字第034551號,圓形,黃
衛署藥製字第034553號,圓形,黃
衛署藥製字第034556號,膠囊,黃;;;白
衛署藥製字第034557號,圓形,黃
衛署藥製字第034558號,圓形,黃
衛署藥製字第034559號,橢圓形,白
衛署藥製字第034583號,圓形,藍
衛署藥製字第034584號,圓形,紅
衛署藥製字第034608號,圓形,粉
衛署藥製字第034621號,四邊形,白
衛署藥製字第034634號,圓形,白
衛署藥製字第034635號,圓形,黃
衛署藥製字第034637號,圓形,白
衛署藥製字第034654號,液劑(包含糖漿用粉劑),黃
衛署藥製字第034670號,圓形,黃
衛署藥製字第034727號,圓形,藍
衛署藥製字第034736號,圓形,橘
衛署藥製字第034799號,橢圓形,粉
衛署藥製字第034802號,膠囊,黑;;;黃
衛署藥製字第034804號,四邊形,橘
衛署藥製字第034805號,圓形,白
衛署藥製字第034806號,圓形,藍
衛署藥製字第034807號,膠囊,紅;;;紅
衛署藥製字第034811號,膠囊,綠;;;灰
衛署藥製字第034818號,膠囊,紅;;;透明
衛署藥製字第034819號,橢圓形,黃
衛署藥製字第034824號,圓形,白
衛署藥製字第034827號,圓形,白
衛署藥製字第034828號,膠囊,紅;;;橘
衛署藥製字第034854號,膠囊,粉;;;白
衛署藥製字第034859號,膠囊,紅;;;白
衛署藥製字第034862號,圓形,白
衛署藥製字第034885號,膠囊,棕;;;黃
衛署藥製字第034886號,圓形,粉;;;白
衛署藥製字第034893號,圓形,藍
衛署藥製字第034895號,圓形,粉;;;白
衛署藥製字第034900號,膠囊,綠;;;綠
衛署藥製字第034924號,圓形,黃
衛署藥製字第034927號,圓形,白;;;白
衛署藥製字第034945號,圓形,紅
衛署藥製字第034950號,圓形,粉
衛署藥製字第034952號,圓形,白
衛署藥製字第034979號,橢圓形,白
衛署藥製字第034986號,圓形,白
衛署藥製字第035009號,圓形,黃
衛署藥製字第035036號,液劑(包含糖漿用粉劑),棕
衛署藥製字第035042號,圓形,橘
衛署藥製字第035060號,圓形,白
衛署藥製字第035114號,液劑(包含糖漿用粉劑);;;液劑(包含糖漿用粉劑),棕;;;棕
衛署藥製字第035129號,四邊形,粉
衛署藥製字第035173號,液劑(包含糖漿用粉劑),棕
衛署藥製字第035179號,橢圓形,白
衛署藥製字第035194號,圓形,白
衛署藥製字第035212號,圓形,白
衛署藥製字第035213號,圓形,綠
衛署藥製字第035254號,,
衛署藥製字第035256號,膠囊,白;;;白
衛署藥製字第035285號,橢圓形,白
衛署藥製字第035297號,膠囊,橘;;;黃
衛署藥製字第035355號,圓形,黃
衛署藥製字第035365號,圓形,白
衛署藥製字第035366號,液劑(包含糖漿用粉劑),透明
衛署藥製字第035367號,圓形,白
衛署藥製字第035370號,橢圓形,粉
衛署藥製字第035399號,四邊形,橘
衛署藥製字第035410號,圓形,黃
衛署藥製字第035411號,四邊形,綠
衛署藥製字第035418號,膠囊,藍;;;藍
衛署藥製字第035424號,顆粒劑、粉劑或散劑,藍
衛署藥製字第035445號,圓形,橘
衛署藥製字第035452號,膠囊,綠;;;灰
衛署藥製字第035461號,圓形,粉
衛署藥製字第035467號,圓形,藍
衛署藥製字第035477號,圓形,綠
衛署藥製字第035506號,橢圓形,紅
衛署藥製字第035515號,圓形,黃
衛署藥製字第035649號,橢圓形,橘
衛署藥製字第035665號,圓形,白
衛署藥製字第035672號,圓形,白
衛署藥製字第035675號,顆粒劑、粉劑或散劑,棕;;;黃
衛署藥製字第035678號,圓形,白
衛署藥製字第035691號,圓形,藍
衛署藥製字第035692號,膠囊,藍;;;透明
衛署藥製字第035702號,圓形,黃
衛署藥製字第035705號,橢圓形,黃
衛署藥製字第035795號,圓形,白
衛署藥製字第035814號,其他,白
衛署藥製字第035836號,四邊形,白
衛署藥製字第035843號,圓形,黃
衛署藥製字第035844號,膠囊,粉;;;白
衛署藥製字第035878號,膠囊,綠;;;白
衛署藥製字第035981號,圓形,白
衛署藥製字第035983號,膠囊,紅;;;白
衛署藥製字第035986號,圓形,白
衛署藥製字第035996號,圓形,白
衛署藥製字第036004號,四邊形,白
衛署藥製字第036008號,圓形,橘
衛署藥製字第036069號,橢圓形,橘
衛署藥製字第036072號,膠囊,藍;;;粉
衛署藥製字第036082號,膠囊,藍;;;白
衛署藥製字第036099號,圓形,黃
衛署藥製字第036132號,膠囊,橘;;;黃
衛署藥製字第036151號,圓形,白
衛署藥製字第036159號,顆粒劑、粉劑或散劑,粉
衛署藥製字第036162號,膠囊,棕;;;棕
衛署藥製字第036168號,圓形,黃
衛署藥製字第036178號,膠囊,紅;;;藍綠
衛署藥製字第036184號,圓形,白
衛署藥製字第043081號,膠囊,橘;;;黃
衛署藥製字第043114號,橢圓形,白
衛署藥製字第043118號,圓形,綠
衛署藥製字第043122號,液劑(包含糖漿用粉劑),透明
衛署藥製字第043127號,橢圓形,橘
衛署藥製字第043141號,圓形,白
衛署藥製字第043158號,橢圓形,白
衛署藥製字第043176號,圓形,白
衛署藥製字第043178號,圓形,綠
衛署藥製字第043187號,圓形,棕
衛署藥製字第043188號,圓形,橘
衛署藥製字第043190號,膠囊,紅;;;紅
衛署藥製字第043205號,圓形,白
衛署藥製字第043210號,圓形,棕
衛署藥製字第043213號,圓形,白
衛署藥製字第043218號,橢圓形,橘;;;黃
衛署藥製字第043222號,八邊形,白
衛署藥製字第043255號,,
衛署藥製字第043256號,橢圓形,白
衛署藥製字第043257號,圓形,白
衛署藥製字第043262號,膠囊,紅;;;白
衛署藥製字第043264號,膠囊,綠;;;黃
衛署藥製字第043265號,圓形,白
衛署藥製字第043290號,圓形,粉
衛署藥製字第043294號,圓形,橘
衛署藥製字第043298號,膠囊,綠;;;白
衛署藥製字第043306號,橢圓形,白
衛署藥製字第043314號,橢圓形,黃
衛署藥製字第043316號,膠囊,灰;;;藍
衛署藥製字第043317號,圓形,橘
衛署藥製字第043326號,膠囊,灰;;;藍綠
衛署藥製字第043330號,圓形,粉
衛署藥製字第043335號,圓形,白
衛署藥製字第043364號,圓形,白
衛署藥製字第043366號,圓形,白
衛署藥製字第043403號,橢圓形,白
衛署藥製字第043408號,膠囊,紅;;;白
衛署藥製字第043431號,圓形,橘
衛署藥製字第043432號,圓形,白
衛署藥製字第043437號,圓形,白
衛署藥製字第043445號,膠囊,棕;;;粉
衛署藥製字第043458號,橢圓形,黃
衛署藥製字第043460號,橢圓形,白
衛署藥製字第043461號,顆粒劑、粉劑或散劑,棕
衛署藥製字第043474號,圓形,白
衛署藥製字第043488號,圓形,白
衛署藥製字第043494號,圓形,白
衛署藥製字第043499號,圓形,白
衛署藥製字第043501號,橢圓形,白
衛署藥製字第043523號,膠囊,綠;;;黃
衛署藥製字第043527號,膠囊,綠;;;黃
衛署藥製字第043587號,膠囊,綠;;;綠
衛署藥製字第043597號,膠囊,綠;;;黃
衛署藥製字第043598號,圓形,白
衛署藥製字第043604號,液劑(包含糖漿用粉劑),白
衛署藥製字第043622號,圓形,白
衛署藥製字第043624號,橢圓形,橘
衛署藥製字第043625號,圓形,橘
衛署藥製字第043632號,膠囊,紅;;;橘
衛署藥製字第043633號,圓形,白
衛署藥製字第043634號,圓形,粉
衛署藥製字第043637號,圓形,白
衛署藥製字第043641號,圓形,白
衛署藥製字第043657號,圓形,橘
衛署藥製字第043664號,膠囊,橘;;;透明
衛署藥製字第043682號,圓形,白
衛署藥製字第043687號,圓形,橘
衛署藥製字第043688號,膠囊,粉;;;白
衛署藥製字第043695號,橢圓形,白
衛署藥製字第043698號,膠囊,白;;;白
衛署藥製字第043700號,圓形,白
衛署藥製字第043704號,圓形,白
衛署藥製字第043736號,四邊形,橘
衛署藥製字第043749號,圓形,黃
衛署藥製字第043759號,圓形,白
衛署藥製字第043761號,橢圓形,粉
衛署藥製字第043770號,圓形,白
衛署藥製字第043791號,圓形,白
衛署藥製字第043792號,顆粒劑、粉劑或散劑,黃
衛署藥製字第043802號,膠囊,藍;;;藍
衛署藥製字第043818號,四邊形,白
衛署藥製字第043823號,橢圓形,橘
衛署藥製字第043837號,圓形,粉
衛署藥製字第043842號,膠囊,粉;;;粉
衛署藥製字第043844號,圓形,橘
衛署藥製字第043848號,膠囊,紫;;;藍
衛署藥製字第043851號,膠囊,藍;;;黃
衛署藥製字第043852號,圓形,白
衛署藥製字第043860號,圓形,白
衛署藥製字第043862號,圓形,粉
衛署藥製字第043867號,膠囊,灰;;;藍
衛署藥製字第043888號,圓形,白
衛署藥製字第043892號,橢圓形,黃
衛署藥製字第043896號,圓形,橘
衛署藥製字第043898號,膠囊,藍;;;藍
衛署藥製字第043923號,膠囊,紫;;;透明
衛署藥製字第043928號,膠囊,藍;;;橘
衛署藥製字第043929號,橢圓形,黃
衛署藥製字第043931號,圓形,粉
衛署藥製字第043932號,圓形,白
衛署藥製字第043935號,圓形,白
衛署藥製字第043937號,膠囊,綠;;;白
衛署藥製字第043939號,圓形,白
衛署藥製字第043941號,膠囊,橘;;;黃
衛署藥製字第043943號,液劑(包含糖漿用粉劑),透明
衛署藥製字第043948號,圓形,橘
衛署藥製字第043949號,膠囊,紅;;;黃
衛署藥製字第043950號,圓形,白
衛署藥製字第043951號,圓形,白
衛署藥製字第043953號,圓形,黃
衛署藥製字第043967號,,
衛署藥製字第043970號,圓形,橘
衛署藥製字第043990號,五邊形,白
衛署藥製字第043991號,膠囊,紅;;;紫
衛署藥製字第043992號,膠囊,藍;;;橘
衛署藥製字第044011號,圓形,白
衛署藥製字第044014號,圓形,白
衛署藥製字第044015號,橢圓形,白
衛署藥製字第044024號,膠囊,橘;;;黃
衛署藥製字第044029號,圓形,白
衛署藥製字第044031號,圓形,白
衛署藥製字第044038號,膠囊,黃;;;白
衛署藥製字第044041號,三角形,粉
衛署藥製字第044042號,膠囊;;;膠囊,藍;;;白;;;黃;;;黃
衛署藥製字第044045號,膠囊,藍;;;白
衛署藥製字第044046號,液劑(包含糖漿用粉劑),黃
衛署藥製字第044061號,膠囊,棕;;;棕
衛署藥製字第044067號,四邊形,粉
衛署藥製字第044072號,膠囊,紫;;;白
衛署藥製字第044078號,六邊形,粉
衛署藥製字第044080號,,
衛署藥製字第044086號,圓形,白
衛署藥製字第044087號,圓形,綠
衛署藥製字第044094號,膠囊,白;;;白
衛署藥製字第044095號,圓形,粉
衛署藥製字第044097號,膠囊,白;;;白
衛署藥製字第044113號,圓形,黃
衛署藥製字第044114號,圓形,白
衛署藥製字第044122號,其他,粉
衛署藥製字第044123號,液劑(包含糖漿用粉劑),白
衛署藥製字第044124號,圓形,白
衛署藥製字第044130號,液劑(包含糖漿用粉劑),透明
衛署藥製字第044131號,圓形,黃;;;白
衛署藥製字第044136號,圓形,白
衛署藥製字第044140號,四邊形,黃
衛署藥製字第044161號,圓形,黃
衛署藥製字第044165號,膠囊,白;;;白
衛署藥製字第044168號,圓形,黃
衛署藥製字第044174號,圓形,白
衛署藥製字第044198號,液劑(包含糖漿用粉劑),棕
衛署藥製字第044201號,圓形,黃
衛署藥製字第044203號,圓形,白
衛署藥製字第044210號,膠囊,紅;;;白
衛署藥製字第044213號,圓形,白
衛署藥製字第044223號,膠囊,橘;;;黃
衛署藥製字第044236號,四邊形,白
衛署藥製字第044244號,圓形,粉
衛署藥製字第044248號,圓形,黃
衛署藥製字第044250號,橢圓形,白
衛署藥製字第044253號,圓形,白
衛署藥製字第044254號,圓形,黃
衛署藥製字第044261號,膠囊,白;;;白
衛署藥製字第044262號,液劑(包含糖漿用粉劑),棕
衛署藥製字第044267號,膠囊,白;;;白
衛署藥製字第044270號,膠囊,紅;;;粉
衛署藥製字第044272號,圓形,白
衛署藥製字第044277號,圓形,白
衛署藥製字第044281號,圓形,白
衛署藥製字第044282號,膠囊,紅;;;透明
衛署藥製字第044283號,,
衛署藥製字第044284號,膠囊,紅;;;透明
衛部藥輸字第027503號,圓形,黃
衛部藥輸字第027505號,橢圓形,灰
衛部藥輸字第027514號,橢圓形,粉
衛部藥輸字第027547號,四邊形,粉
衛部藥輸字第027555號,橢圓形,黃
衛部藥輸字第027569號,圓形,藍
衛部藥輸字第027570號,四邊形,紫
衛部藥輸字第027584號,圓形,黃
衛部藥輸字第027592號,橢圓形,粉
衛部藥輸字第027596號,橢圓形,黃
衛部藥輸字第027613號,橢圓形,黃
衛部藥輸字第027614號,膠囊;;;膠囊,藍;;;白;;;藍;;;白
衛部藥輸字第027623號,橢圓形,粉;;;粉
衛部藥輸字第027640號,橢圓形,橘
衛部藥輸字第027641號,橢圓形,黃
衛部藥輸字第027642號,橢圓形,白
衛部藥輸字第027643號,橢圓形,橘
衛部藥輸字第027651號,水滴形,黃
衛部藥輸字第027652號,橢圓形,藍
衛部藥輸字第027667號,橢圓形,橘
衛部藥輸字第027691號,圓形,粉
衛部藥輸字第027716號,橢圓形,黃
衛部藥輸字第027717號,橢圓形,綠
衛部藥輸字第027730號,圓形,白
衛部藥輸字第027731號,橢圓形,白
衛部藥輸字第027732號,橢圓形,白
衛部藥輸字第027739號,橢圓形,黃
衛部藥輸字第027746號,液劑(包含糖漿用粉劑),棕
衛部藥輸字第027748號,膠囊,白;;;白
衛部藥輸字第027750號,圓形,黃;;;黃
衛部藥輸字第027752號,膠囊,黃
衛部藥輸字第027766號,橢圓形,白
衛部藥輸字第027769號,圓形,藍
衛部藥輸字第027770號,圓形,藍
衛部藥輸字第027771號,圓形,藍
衛部藥輸字第027781號,圓形,粉
衛部藥輸字第027782號,圓形,黃
衛部藥輸字第027792號,圓形,白
衛部藥輸字第027795號,膠囊,白;;;紅
衛部藥輸字第027796號,顆粒劑、粉劑或散劑,白
衛部藥輸字第027800號,圓形,白
衛部藥輸字第027801號,膠囊,黃;;;白
衛部藥輸字第027811號,橢圓形,白
衛部藥輸字第027823號,圓形,橘
衛部藥輸字第027824號,圓形,橘
衛部藥輸字第027827號,橢圓形,橘
衛部藥輸字第027829號,水滴形,藍
衛部藥輸字第027843號,橢圓形,藍
衛部藥輸字第027856號,圓形,黃
衛部藥輸字第027860號,橢圓形,白
衛部藥輸字第027865號,膠囊,橘;;;橘
衛部藥輸字第027890號,圓形,黃
衛部藥輸字第027894號,膠囊,黃;;;灰
衛部藥輸字第027901號,橢圓形,紅
衛部藥輸字第027902號,橢圓形,紫
衛部藥輸字第027912號,圓形,黃
衛部藥輸字第027913號,圓形,橘
衛部藥輸字第027914號,圓形,棕
衛部藥輸字第027915號,四邊形,棕
衛部藥輸字第027917號,圓形,白
衛部藥輸字第027923號,膠囊,棕
衛部藥輸字第027924號,顆粒劑、粉劑或散劑,白
衛部藥輸字第027926號,顆粒劑、粉劑或散劑,橘
衛部藥輸字第027936號,橢圓形,白;;;白
衛部藥輸字第027952號,膠囊,藍;;;藍
衛部藥輸字第027960號,膠囊,棕;;;棕
衛部藥輸字第027969號,四邊形,橘
衛部藥輸字第027985號,其他,藍;;;藍
衛部藥輸字第027993號,圓形,黃
衛部藥輸字第027994號,圓形,粉
衛部藥輸字第027995號,橢圓形,粉
衛部藥輸字第027996號,橢圓形,橘
衛部藥輸字第028004號,圓形,黃
衛部藥輸字第028010號,橢圓形,黃
衛部藥輸字第028020號,圓形,白
衛部藥輸字第028023號,圓形,白
衛部藥輸字第028024號,圓形,白
衛部藥輸字第028025號,四邊形,藍
衛部藥輸字第028029號,圓形,白
衛部藥輸字第028031號,橢圓形,白
衛部藥輸字第028047號,膠囊,藍;;;黃
衛部藥輸字第028055號,四邊形,黃
衛部藥輸字第028061號,圓形,白
衛部藥輸字第028062號,橢圓形,黃
衛部藥輸字第028063號,圓形,白
衛部藥輸字第028064號,橢圓形,白
衛部藥輸字第028065號,圓形,白
衛部藥輸字第028072號,圓形,白
衛部藥輸字第028080號,圓形,黑
衛部藥輸字第028083號,橢圓形,黃
衛部藥輸字第028086號,膠囊,藍;;;綠
衛部藥輸字第028087號,膠囊,藍;;;白
衛部藥輸字第028089號,橢圓形,白
衛部藥輸字第028097號,橢圓形,黃
衛部藥輸字第028106號,橢圓形,白
衛部藥輸字第028107號,圓形,白;;;白
衛部藥輸字第028108號,圓形,紅;;;紅
衛部藥輸字第028109號,圓形,黃;;;黃
衛部藥輸字第028115號,圓形,白
衛部藥輸字第028116號,圓形,白
衛部藥輸字第028117號,圓形,白
衛部藥輸字第028120號,其他,黃
衛部藥輸字第028145號,圓形,黃
衛部藥輸字第028149號,橢圓形,白
衛部藥輸字第028152號,橢圓形,粉
衛部藥輸字第028160號,膠囊;;;膠囊,白;;;白;;;白
衛部藥輸字第028171號,水滴形,黃
衛部藥輸字第028172號,顆粒劑、粉劑或散劑,白;;;粉
衛部藥輸字第028181號,圓形,白
衛部藥輸字第028182號,圓形,白
衛部藥輸字第028188號,顆粒劑、粉劑或散劑,白;;;粉
衛部藥輸字第028189號,圓形,黃
衛部藥輸字第028192號,圓形,粉
衛部藥輸字第028193號,橢圓形,黃
衛部藥輸字第028198號,膠囊,白
衛部藥輸字第028206號,四邊形,紅
衛部藥輸字第028208號,四邊形,橘
衛部藥輸字第028209號,四邊形,橘
衛部藥輸字第028210號,四邊形,白
衛部藥輸字第028211號,顆粒劑、粉劑或散劑,白;;;藍
衛部藥輸字第028219號,橢圓形,白
衛部藥輸字第028220號,圓形,藍
衛部藥輸字第028231號,圓形,黃
衛部藥輸字第028234號,圓形,粉
衛部藥輸字第028235號,橢圓形,粉
衛部藥輸字第028241號,圓形,黃
衛部藥輸字第028252號,四邊形,白
衛部藥輸字第028258號,圓形,白
衛部藥輸字第028282號,膠囊,白
衛部藥輸字第028283號,膠囊,橘;;;白
衛部藥輸字第028284號,膠囊,紅;;;白
衛部藥輸字第028291號,橢圓形,黃
衛部藥輸字第028296號,其他,紫
衛部藥輸字第028299號,圓形,白
衛部藥輸字第028305號,圓形;;;圓形,粉;;;白
衛部藥輸字第028306號,膠囊,藍;;;綠
衛部藥輸字第028307號,膠囊,藍;;;白
衛部藥輸字第028311號,膠囊,紅;;;紅
衛部藥輸字第028316號,其他,綠
衛部藥輸字第028325號,橢圓形,紅;;;紅
衛部藥輸字第028326號,橢圓形,黃;;;黃
衛部藥輸字第028331號,膠囊,灰;;;灰
衛部藥輸字第028332號,膠囊,藍;;;藍
衛部藥輸字第028350號,橢圓形,黃
衛部藥輸字第028352號,膠囊,粉;;;白
衛部藥輸字第028353號,圓形,黃
衛部藥輸字第028365號,膠囊,白
衛部藥輸字第028373號,橢圓形,紅
衛部藥輸字第028374號,橢圓形,棕
衛部藥輸字第028376號,膠囊,黃
衛部藥輸字第028393號,膠囊,藍
衛部藥輸字第028397號,橢圓形,白
衛部藥輸字第028403號,膠囊,粉;;;白
衛部藥輸字第028404號,膠囊,白
衛部藥輸字第028406號,膠囊,白;;;白
衛部藥輸字第028417號,膠囊,粉;;;白
衛部藥輸字第028418號,橢圓形,粉
衛部藥輸字第028419號,圓形,粉
衛部藥輸字第028422號,膠囊,灰;;;灰
衛部藥輸字第028423號,膠囊,灰;;;橘
衛部藥輸字第028424號,膠囊,橘;;;橘
衛部藥輸字第028425號,膠囊,白;;;白
衛部藥輸字第028428號,橢圓形,黃
衛部藥輸字第028434號,圓形,黃
衛部藥輸字第028437號,圓形,灰
衛部藥輸字第028441號,圓形,棕
衛部藥輸字第028448號,圓形,灰
衛部藥輸字第028450號,橢圓形,白
衛部藥輸字第028451號,橢圓形,白
衛部藥輸字第028453號,膠囊,白;;;白
衛部藥輸字第028469號,,
衛部藥輸字第028471號,,
衛部藥輸字第028472號,圓形,白
衛署藥製字第018569號,圓形,黃
衛署藥製字第018620號,膠囊,藍;;;藍
衛署藥製字第018646號,圓形,藍
衛署藥製字第018649號,圓形,橘
衛署藥製字第018659號,圓形,黃
衛署藥製字第018660號,橢圓形,白
衛署藥製字第018696號,圓形,黃
衛署藥製字第018705號,圓形,白
衛署藥製字第018719號,圓形,橘
衛署藥製字第018726號,橢圓形,粉
衛署藥製字第018769號,圓形,黃
衛署藥製字第018789號,膠囊,藍;;;黃
衛署藥製字第018840號,圓形,白
衛署藥製字第018873號,圓形,白
衛署藥製字第018887號,圓形,白
衛署藥製字第018892號,圓形,白
衛署藥製字第018895號,膠囊,棕;;;粉
衛署藥製字第018916號,圓形,白
衛署藥製字第018920號,圓形,白
衛署藥製字第018949號,圓形,黃
衛署藥製字第019033號,膠囊,藍;;;粉
衛署藥製字第019072號,膠囊,紅;;;黃
衛署藥製字第019115號,圓形,白
衛署藥製字第019137號,圓形,粉
衛署藥製字第019154號,圓形,白
衛署藥製字第019177號,圓形,白
衛署藥製字第019192號,圓形,粉
衛署藥製字第019210號,圓形,棕
衛署藥製字第019247號,圓形,白
衛署藥製字第019254號,膠囊,紅;;;白
衛署藥製字第019263號,圓形,白
衛署藥製字第019337號,圓形,黃
衛署藥製字第019359號,圓形,白
衛署藥製字第019360號,圓形,粉
衛署藥製字第019418號,圓形,粉
衛署藥製字第019419號,膠囊,藍;;;黃
衛署藥製字第019420號,橢圓形,黃
衛署藥製字第019421號,橢圓形,黃
衛署藥製字第019423號,,
衛署藥製字第019424號,,
衛署藥製字第019445號,圓形,白
衛署藥製字第019461號,圓形,黃
衛署藥製字第019462號,圓形,白
衛署藥製字第019485號,圓形,白
衛署藥製字第019495號,圓形,橘
衛署藥製字第019503號,圓形,粉
衛署藥製字第019522號,圓形,黃
衛署藥製字第019548號,圓形,白
衛署藥製字第019556號,圓形,白
衛署藥製字第019557號,圓形,粉
衛署藥製字第019573號,圓形,白
衛署藥製字第019595號,膠囊,黑;;;黃
衛署藥製字第019596號,圓形,白
衛署藥製字第019610號,圓形,黃
衛署藥製字第019617號,圓形,白
衛署藥製字第019620號,圓形,黃
衛署藥製字第019624號,圓形,黃
衛署藥製字第019625號,膠囊,橘;;;白
衛署藥製字第019627號,圓形,紅
衛署藥製字第019639號,圓形,紅
衛署藥製字第019640號,圓形,白
衛署藥製字第019643號,圓形,白
衛署藥製字第019649號,圓形,白
衛署藥製字第019650號,圓形,白
衛署藥製字第019656號,橢圓形,藍
衛署藥製字第019665號,圓形,藍
衛署藥製字第019706號,圓形,白
衛署藥製字第019722號,,
衛署藥製字第019749號,圓形,黃
衛署藥製字第019769號,膠囊,綠;;;灰
衛署藥製字第019857號,液劑(包含糖漿用粉劑),棕
衛署藥製字第019864號,四邊形,白
衛署藥製字第019865號,圓形,白
衛署藥製字第019875號,圓形,粉
衛署藥製字第019895號,圓形,紅
衛署藥製字第019970號,膠囊,橘;;;黃
衛署藥製字第019982號,膠囊,藍;;;藍綠
衛署藥製字第019983號,膠囊,紅;;;白
衛署藥製字第019984號,膠囊,紅;;;紅
衛署藥製字第019987號,圓形,綠
衛署藥製字第020008號,圓形,白
衛署藥製字第020019號,膠囊,棕;;;黃
衛署藥製字第020022號,圓形,粉
衛署藥製字第020037號,圓形,粉
衛署藥製字第020046號,圓形,白
衛署藥製字第020058號,膠囊,綠;;;灰
衛署藥製字第020059號,膠囊,綠;;;灰
衛署藥製字第020069號,膠囊,綠;;;黃
衛署藥製字第020084號,圓形,白
衛署藥製字第020092號,圓形,白
衛署藥製字第020096號,膠囊,綠;;;白
衛署藥製字第020101號,圓形,藍
衛署藥製字第020103號,圓形,橘
衛署藥製字第020111號,圓形,粉
衛署藥製字第020112號,圓形,黃
衛署藥製字第020113號,圓形,白
衛署藥製字第020114號,圓形,黃
衛署藥製字第020115號,圓形,白
衛署藥製字第020116號,圓形,橘
衛署藥製字第020137號,圓形,白
衛署藥製字第020174號,圓形,白
衛署藥製字第020285號,膠囊,藍;;;白
衛署藥製字第020286號,圓形,黃
衛署藥製字第020287號,圓形,白
衛署藥製字第020291號,圓形,白
衛署藥製字第020323號,圓形,粉;;;白
衛署藥製字第020333號,圓形,黃
衛署藥製字第020368號,圓形,黃
衛署藥製字第020405號,膠囊,黑;;;紅
衛署藥製字第020418號,液劑(包含糖漿用粉劑),白
衛署藥製字第020420號,圓形,粉
衛署藥製字第020435號,圓形,黃
衛署藥製字第020485號,橢圓形,黃
衛署藥製字第020489號,圓形,白
衛署藥製字第020500號,四邊形,粉
衛署藥製字第020549號,膠囊,黃;;;白
衛署藥製字第020574號,顆粒劑、粉劑或散劑,白
衛署藥製字第020578號,膠囊,橘;;;橘
衛署藥製字第020707號,橢圓形,黃
衛署藥製字第020715號,圓形,白
衛署藥製字第020849號,圓形,紫
衛署藥製字第020854號,圓形,藍
衛署藥製字第020857號,膠囊,藍;;;藍
衛署藥製字第020860號,圓形,白
衛署藥製字第020871號,橢圓形,紅
衛署藥製字第020873號,圓形,綠
衛署藥製字第020874號,圓形,紅
衛署藥製字第020894號,圓形,綠
衛署藥製字第020900號,圓形,棕
衛署藥製字第020911號,圓形,藍
衛署藥製字第020976號,膠囊,藍;;;黃
衛署藥製字第021009號,圓形,白
衛署藥製字第021044號,圓形,粉;;;白
衛署藥製字第021063號,膠囊,綠;;;灰
衛署藥製字第021090號,膠囊,綠;;;灰
衛署藥製字第021111號,液劑(包含糖漿用粉劑),綠
衛署藥製字第021117號,膠囊,藍;;;綠
衛署藥製字第021136號,橢圓形,棕
衛署藥製字第021167號,圓形,綠
衛署藥製字第021174號,四邊形;;;四邊形,綠;;;綠
衛署藥製字第021196號,圓形,白
衛署藥製字第021199號,膠囊,白;;;白
衛署藥製字第021238號,圓形,白
衛署藥製字第021243號,六邊形,白
衛署藥製字第021256號,液劑(包含糖漿用粉劑),棕
衛署藥製字第021265號,膠囊,棕
衛署藥製字第021298號,膠囊,紅;;;黃
衛署藥製字第021326號,膠囊,綠;;;灰
衛署藥製字第021328號,膠囊,紅;;;粉
衛署藥製字第021399號,橢圓形,橘
衛署藥製字第021406號,圓形,黃
衛署藥製字第021462號,橢圓形,白
衛署藥製字第021495號,圓形,白
衛署藥製字第021514號,圓形,白
衛署藥製字第021529號,圓形,粉
衛署藥製字第021539號,膠囊,黃;;;白
衛署藥製字第021606號,膠囊,綠;;;灰
衛署藥製字第021635號,圓形,白
衛署藥製字第021640號,圓形,白
衛署藥製字第021652號,液劑(包含糖漿用粉劑),紫
衛署藥製字第021674號,圓形,黃
衛署藥製字第021678號,液劑(包含糖漿用粉劑),棕
衛署藥製字第021681號,圓形,橘
衛署藥製字第021754號,圓形,白
衛署藥製字第021755號,圓形,白
衛署藥製字第021758號,膠囊,白;;;白
衛署藥製字第021780號,膠囊,黃;;;黃
衛署藥製字第021792號,圓形,藍
衛署藥製字第021806號,圓形,白
衛署藥製字第021815號,圓形,綠
衛署藥製字第021819號,膠囊,綠;;;白
衛署藥製字第032043號,液劑(包含糖漿用粉劑),棕
衛署藥製字第032044號,液劑(包含糖漿用粉劑),棕
衛署藥製字第032053號,圓形,白
衛署藥製字第032111號,圓形,黃
衛署藥製字第032112號,圓形,白
衛署藥製字第032113號,圓形,白
衛署藥製字第032114號,圓形,藍
衛署藥製字第032137號,膠囊,紫;;;黃
衛署藥製字第032208號,顆粒劑、粉劑或散劑,橘
衛署藥製字第032244號,顆粒劑、粉劑或散劑,橘
衛署藥製字第032250號,圓形,白
衛署藥製字第032261號,膠囊,綠;;;灰
衛署藥製字第032265號,圓形,白
衛署藥製字第032267號,橢圓形,白
衛署藥製字第032268號,圓形,白
衛署藥製字第032275號,四邊形,白
衛署藥製字第032286號,圓形,白
衛署藥製字第032292號,膠囊,紅;;;紅
衛署藥製字第032311號,膠囊,棕
衛署藥製字第032312號,橢圓形,橘
衛署藥製字第032314號,四邊形,白
衛署藥製字第032320號,四邊形,黃
衛署藥製字第032327號,膠囊,灰;;;紫
衛署藥製字第032333號,膠囊,紅;;;白
衛署藥製字第032340號,四邊形,紅
衛署藥製字第032353號,三角形,橘
衛署藥製字第032358號,圓形,白
衛署藥製字第032361號,圓形,藍
衛署藥製字第032365號,圓形,綠
衛署藥製字第032367號,圓形,黃
衛署藥製字第032368號,六邊形,白
衛署藥製字第032372號,圓形,藍
衛署藥製字第032413號,橢圓形,黃
衛署藥製字第032420號,圓形,黃
衛署藥製字第032421號,圓形,橘
衛署藥製字第032490號,圓形,白
衛署藥製字第032492號,圓形,橘
衛署藥製字第032495號,橢圓形,橘
衛署藥製字第032500號,圓形,白
衛署藥製字第032504號,膠囊,橘;;;橘
衛署藥製字第032530號,圓形,橘
衛署藥製字第032561號,圓形,白
衛署藥製字第032570號,液劑(包含糖漿用粉劑),白
衛署藥製字第032579號,膠囊,橘;;;黃
衛署藥製字第032584號,圓形,綠
衛署藥製字第032619號,圓形,綠
衛署藥製字第032631號,四邊形,綠
衛署藥製字第032632號,橢圓形,黃
衛署藥製字第032642號,圓形,橘
衛署藥製字第032649號,圓形,藍綠
衛署藥製字第032651號,圓形,白
衛署藥製字第032694號,液劑(包含糖漿用粉劑),黃
衛署藥製字第032716號,三角形,白
衛署藥製字第032723號,圓形,白
衛署藥製字第032786號,圓形,白;;;黃
衛署藥製字第032801號,膠囊,橘;;;橘
衛署藥製字第032814號,圓形,白
衛署藥製字第032816號,圓形,白
衛署藥製字第032825號,圓形,白
衛署藥製字第032833號,膠囊,紅;;;白
衛署藥製字第032834號,圓形,藍
衛署藥製字第032858號,圓形,綠
衛署藥製字第032876號,圓形,白
衛署藥製字第032880號,圓形,黃
衛署藥製字第032893號,橢圓形,粉
衛署藥製字第032918號,橢圓形,橘
衛署藥製字第032926號,橢圓形,橘
衛署藥製字第032927號,圓形,橘
衛署藥製字第032942號,圓形,白
衛署藥製字第032945號,圓形,橘
衛署藥製字第032946號,膠囊,白;;;白
衛署藥製字第032948號,膠囊,紅;;;白
衛署藥製字第032949號,圓形,白
衛署藥製字第032950號,圓形,藍
衛署藥製字第032951號,圓形,黃
衛署藥製字第032952號,圓形,白
衛署藥製字第032969號,圓形,綠
衛署藥製字第032970號,圓形,黃
衛署藥製字第033023號,圓形,橘
衛署藥製字第033027號,圓形,綠
衛署藥製字第033049號,圓形,白
衛署藥製字第033052號,圓形,黃
衛署藥製字第033064號,四邊形,橘
衛署藥製字第033079號,圓形,黃
衛署藥製字第033081號,橢圓形,綠
衛署藥製字第033082號,圓形,白
衛署藥製字第033091號,圓形,白
衛署藥製字第033122號,橢圓形,黃
衛署藥製字第033124號,圓形,紅
衛署藥製字第033125號,圓形,黃
衛署藥製字第033128號,橢圓形,黃
衛署藥製字第033157號,圓形,綠
衛署藥製字第033163號,圓形,白
衛署藥製字第033170號,圓形,白
衛署藥製字第033172號,圓形,紅
衛署藥製字第033175號,圓形,白
衛署藥製字第033178號,圓形,白
衛署藥製字第033180號,圓形,黃
衛署藥製字第033181號,膠囊,棕;;;棕
衛署藥製字第033184號,圓形,黃
衛署藥製字第033185號,圓形,黃
衛署藥製字第033187號,圓形,白
衛署藥製字第033189號,圓形,黃
衛署藥製字第033190號,圓形,橘
衛署藥製字第033192號,液劑(包含糖漿用粉劑),粉
衛署藥製字第033194號,圓形,棕
衛署藥製字第033195號,圓形,白
衛署藥製字第033197號,圓形,白
衛署藥製字第033199號,膠囊,棕;;;棕
衛署藥製字第033201號,圓形,黃
衛署藥製字第033204號,圓形,白
衛署藥製字第033207號,橢圓形,白
衛署藥製字第033208號,圓形,粉
衛署藥製字第033220號,膠囊,白;;;白
衛署藥製字第033224號,圓形,白
衛署藥製字第033304號,橢圓形,粉
衛署藥製字第033382號,膠囊,紫;;;藍
衛署藥製字第033384號,橢圓形,粉
衛署藥製字第033387號,圓形,白
衛署藥製字第033389號,膠囊,粉;;;粉
衛署藥製字第033390號,橢圓形,白
衛署藥製字第033391號,圓形,藍
衛署藥製字第033411號,圓形,藍
衛署藥製字第033415號,六邊形,白
衛署藥製字第033429號,,
衛署藥製字第033433號,膠囊,白;;;白
衛署藥製字第033435號,圓形,綠
衛署藥製字第033438號,圓形,黃
衛署藥製字第033439號,顆粒劑、粉劑或散劑,綠
衛署藥製字第033441號,圓形,白
衛署藥製字第033442號,圓形,粉;;;粉
衛署藥製字第033449號,圓形,黃
衛署藥製字第033453號,膠囊,橘;;;白
衛署藥製字第033468號,膠囊,紅;;;紅
衛署藥製字第033471號,膠囊,藍;;;橘
衛署藥製字第033489號,圓形,白
衛署藥製字第033497號,膠囊,綠;;;透明
衛署藥製字第033504號,四邊形,白
衛署藥製字第033506號,圓形,黃
衛署藥製字第033518號,膠囊,棕;;;棕
衛署藥製字第033531號,三角形,白
衛署藥製字第033532號,圓形,橘
衛署藥製字第033544號,圓形,粉
衛署藥製字第033576號,液劑(包含糖漿用粉劑),棕
衛署藥製字第033579號,圓形;;;圓形,黃;;;黃
衛署藥製字第033591號,膠囊,綠;;;綠
衛署藥製字第033664號,圓形,粉
衛署藥製字第033675號,圓形,紅
衛署藥製字第033685號,液劑(包含糖漿用粉劑);;;液劑(包含糖漿用粉劑),棕;;;棕
衛署藥製字第033686號,圓形,白
衛署藥製字第033689號,橢圓形,黃
衛署藥製字第033699號,膠囊,紅;;;透明
衛署藥製字第033701號,膠囊,藍綠;;;黃
衛署藥製字第033704號,圓形,綠
衛署藥製字第033733號,圓形,白
衛署藥製字第033823號,圓形,黃
衛署藥製字第033825號,圓形,黃
衛署藥製字第033854號,圓形,橘
衛署藥製字第033862號,膠囊,紅;;;粉
衛署藥製字第033871號,膠囊,紅;;;橘
衛署藥製字第033885號,圓形,黃
衛署藥製字第033894號,圓形,粉
衛署藥製字第041497號,圓形,白
衛署藥製字第041499號,圓形,橘
衛署藥製字第041519號,圓形,白
衛署藥製字第041520號,膠囊,紅;;;白
衛署藥製字第041526號,膠囊,橘;;;黃
衛署藥製字第041532號,膠囊,紅;;;紅
衛署藥製字第041540號,圓形,黃
衛署藥製字第041542號,圓形,白
衛署藥製字第041545號,圓形,橘
衛署藥製字第041547號,圓形,橘
衛署藥製字第041548號,圓形,橘
衛署藥製字第041557號,膠囊,綠;;;綠
衛署藥製字第041560號,圓形,白
衛署藥製字第041574號,橢圓形,黃
衛署藥製字第041577號,圓形,黃
衛署藥製字第041604號,液劑(包含糖漿用粉劑),棕
衛署藥製字第041606號,膠囊,綠;;;白
衛署藥製字第041625號,橢圓形,黃
衛署藥製字第041628號,顆粒劑、粉劑或散劑,白
衛署藥製字第041631號,圓形,白
衛署藥製字第041636號,膠囊,紅;;;白
衛署藥製字第041640號,橢圓形,黃
衛署藥製字第041641號,圓形,白
衛署藥製字第041659號,橢圓形,橘
衛署藥製字第041664號,圓形,白
衛署藥製字第041673號,圓形,白
衛署藥製字第041686號,液劑(包含糖漿用粉劑),棕
衛署藥製字第041687號,八邊形,黃
衛署藥製字第041729號,膠囊,綠;;;白
衛署藥製字第041730號,圓形,粉
衛署藥製字第041749號,圓形,白
衛署藥製字第041750號,四邊形,白
衛署藥製字第041792號,膠囊,綠;;;黃
衛署藥製字第041807號,圓形,白
衛署藥製字第041809號,圓形,白
衛署藥製字第041811號,圓形,白
衛署藥製字第041831號,圓形,白
衛署藥製字第041832號,圓形,橘
衛署藥製字第041835號,圓形,綠
衛署藥製字第041837號,膠囊,綠;;;黃
衛署藥製字第041838號,圓形,白
衛署藥製字第041880號,膠囊,紅;;;白
衛署藥製字第041883號,膠囊,橘;;;橘
衛署藥製字第041894號,膠囊,紅;;;白
衛署藥製字第041903號,圓形,黃
衛署藥製字第041905號,圓形,粉
衛署藥製字第041918號,五邊形,橘
衛署藥製字第041922號,圓形,橘
衛署藥製字第041926號,圓形,粉
衛署藥製字第041929號,圓形,藍
衛署藥製字第041933號,膠囊,紅;;;白
衛署藥製字第041952號,膠囊,紅;;;紅
衛署藥製字第041995號,圓形,白
衛署藥製字第041997號,膠囊,藍;;;白
衛署藥製字第042001號,膠囊,白;;;白
衛署藥製字第042017號,膠囊,白;;;白
衛署藥製字第042021號,顆粒劑、粉劑或散劑,橘
衛署藥製字第042023號,圓形,黃;;;白
衛署藥製字第042026號,圓形,白
衛署藥製字第042079號,膠囊,紅;;;粉
衛署藥製字第042101號,橢圓形,粉
衛署藥製字第042104號,橢圓形,白
衛署藥製字第042147號,圓形,白
衛署藥製字第042198號,膠囊,紅;;;白
衛署藥製字第042204號,圓形,綠
衛署藥製字第042210號,圓形,白
衛署藥製字第042215號,膠囊,藍;;;藍綠
衛署藥製字第042216號,圓形,白
衛署藥製字第042218號,圓形,綠
衛署藥製字第042222號,膠囊,黑;;;灰
衛署藥製字第042224號,膠囊,紅;;;白
衛署藥製字第042227號,膠囊,灰;;;黃
衛署藥製字第042240號,橢圓形,白
衛署藥製字第042244號,橢圓形,白
衛署藥製字第042272號,圓形,白
衛署藥製字第042274號,膠囊,藍;;;粉
衛署藥製字第042350號,膠囊,紅;;;白
衛署藥製字第042378號,圓形,白
衛署藥製字第042379號,四邊形,紅
衛署藥製字第042394號,圓形,橘
衛署藥製字第042415號,橢圓形,白
衛署藥製字第042416號,圓形,黃
衛署藥製字第042437號,膠囊,紅;;;透明
衛署藥製字第042448號,圓形,黃
衛署藥製字第042512號,膠囊,紅;;;透明
衛署藥製字第042514號,橢圓形,粉
衛署藥製字第042516號,膠囊;;;膠囊,紅;;;白;;;紅;;;粉
衛署藥製字第042518號,膠囊,紅;;;白
衛署藥製字第042520號,橢圓形,白
衛署藥製字第042524號,顆粒劑、粉劑或散劑,橘
衛署藥製字第042526號,圓形,白
衛署藥製字第042534號,圓形,紫
衛署藥製字第042535號,圓形,紅
衛署藥製字第042537號,橢圓形,粉
衛署藥製字第042538號,橢圓形,藍
衛署藥製字第042556號,圓形,白
衛署藥製字第042569號,膠囊,橘;;;白
衛署藥製字第042584號,四邊形,橘
衛署藥製字第042602號,圓形,白
衛署藥製字第042605號,膠囊,白;;;白
衛署藥製字第042619號,膠囊,橘;;;橘
衛署藥製字第042620號,四邊形,白
衛署藥製字第042621號,圓形,黃
衛署藥製字第042622號,圓形,白
衛署藥製字第042626號,橢圓形,白
衛署藥製字第042646號,圓形,白
衛署藥製字第042656號,圓形,白
衛署藥製字第042659號,圓形,白
衛署藥製字第042660號,橢圓形,白
衛署藥製字第042670號,膠囊,橘;;;橘
衛署藥製字第042673號,橢圓形,白
衛署藥製字第042685號,液劑(包含糖漿用粉劑),紅
衛署藥製字第042686號,橢圓形,粉
衛署藥製字第042687號,四邊形,粉
衛署藥製字第042695號,膠囊,藍;;;白
衛署藥製字第042704號,八邊形,白
衛署藥製字第042709號,圓形,綠
衛署藥製字第042722號,四邊形,白
衛署藥製字第042727號,液劑(包含糖漿用粉劑),棕
衛署藥製字第042742號,其他,透明
衛署藥製字第042752號,圓形,白
衛署藥製字第042754號,圓形,白
衛署藥製字第042766號,膠囊,橘;;;橘
衛署藥製字第042770號,圓形,白
衛署藥製字第042826號,膠囊,白;;;白
衛署藥製字第042829號,膠囊,白;;;白
衛署藥製字第042837號,膠囊,綠;;;黃
衛署藥製字第042855號,膠囊,紅;;;透明
衛署藥製字第042857號,八邊形,白
衛署藥製字第042858號,四邊形,黃
衛署藥製字第042860號,四邊形,白
衛署藥製字第042863號,圓形,白
衛署藥製字第042874號,圓形,白
衛署藥製字第042875號,膠囊,紅;;;白
衛署藥製字第042876號,,
衛署藥製字第042884號,膠囊,白;;;白
衛署藥製字第042887號,橢圓形,橘
衛署藥製字第042899號,圓形,粉
衛署藥製字第042906號,圓形,白
衛署藥製字第042908號,圓形,白
衛署藥製字第042917號,八邊形,白
衛署藥製字第042919號,圓形,白
衛署藥製字第042936號,圓形,橘
衛署藥製字第042942號,圓形,白
衛署藥製字第042944號,圓形,白
衛署藥製字第042946號,圓形,白
衛署藥製字第042948號,橢圓形,白
衛署藥製字第042957號,橢圓形,黃
衛署藥製字第042959號,膠囊,棕;;;棕
衛署藥製字第042965號,圓形,粉
衛署藥製字第042968號,液劑(包含糖漿用粉劑),粉
衛署藥製字第043010號,圓形,黃;;;白
衛署藥製字第043018號,圓形,白
衛署藥製字第043031號,圓形,白
衛署藥製字第043038號,圓形,白
衛署藥製字第043039號,液劑(包含糖漿用粉劑),黃
衛署藥製字第043040號,圓形,紅
衛署藥製字第043048號,四邊形,白
衛署藥製字第043053號,膠囊,紅;;;白
衛署藥製字第043067號,圓形,粉
衛署藥製字第043073號,圓形,白
衛署藥製字第043074號,圓形,白
衛署藥製字第047632號,橢圓形,白
衛署藥製字第047637號,膠囊,白;;;紅
衛署藥製字第047638號,橢圓形,白
衛署藥製字第047639號,圓形,白
衛署藥製字第047643號,橢圓形,綠
衛署藥製字第047648號,圓形,白
衛署藥製字第047656號,四邊形,白
衛署藥製字第047671號,圓形,白
衛署藥製字第047687號,橢圓形,白
衛署藥製字第047689號,橢圓形,黃
衛署藥製字第047690號,橢圓形,橘
衛署藥製字第047693號,液劑(包含糖漿用粉劑),橘
衛署藥製字第047696號,顆粒劑、粉劑或散劑,白
衛署藥製字第047702號,圓形,紅
衛署藥製字第047771號,圓形,白
衛署藥製字第047772號,圓形,橘
衛署藥製字第047783號,圓形,橘
衛署藥製字第047785號,圓形,黃
衛署藥製字第047787號,圓形,黃
衛署藥製字第047788號,四邊形,白
衛署藥製字第047790號,雙圓形,綠
衛署藥製字第047792號,液劑(包含糖漿用粉劑),黃
衛署藥製字第047793號,四邊形,白
衛署藥製字第047811號,圓形,白
衛署藥製字第047813號,四邊形,黃
衛署藥製字第047830號,四邊形,橘
衛署藥製字第047840號,圓形,粉
衛署藥製字第047848號,圓形,白
衛署藥製字第047874號,膠囊,黃;;;黃
衛署藥製字第047877號,膠囊,黑;;;黑
衛署藥製字第047890號,橢圓形,橘
衛署藥製字第047894號,圓形,白
衛署藥製字第047901號,膠囊,紅;;;紅
衛署藥製字第047905號,橢圓形,白
衛署藥製字第047911號,橢圓形,白
衛署藥製字第047913號,膠囊,粉;;;白
衛署藥製字第047916號,圓形,棕
衛署藥製字第047924號,橢圓形,粉
衛署藥製字第047928號,橢圓形,橘
衛署藥製字第047936號,圓形,白
衛署藥製字第047941號,膠囊,紅;;;白
衛署藥製字第047947號,圓形,黃
衛署藥製字第047953號,膠囊,灰;;;粉
衛署藥製字第047960號,橢圓形,紅
衛署藥製字第047961號,四邊形,白
衛署藥製字第047962號,液劑(包含糖漿用粉劑),藍
衛署藥製字第047966號,圓形,紅
衛署藥製字第047982號,橢圓形,白
衛署藥製字第047984號,圓形,白
衛署藥製字第047989號,四邊形,黃
衛署藥製字第047991號,圓形,白
衛署藥製字第047993號,圓形,白
衛署藥製字第047998號,橢圓形,黃
衛署藥製字第048027號,膠囊,白
衛署藥製字第048028號,圓形,黃
衛署藥製字第048031號,圓形,橘
衛署藥製字第048037號,膠囊,紅;;;白
衛署藥製字第048041號,橢圓形,黃
衛署藥製字第048055號,圓形,白
衛署藥製字第048056號,膠囊,白;;;白
衛署藥製字第048057號,圓形,白
衛署藥製字第048064號,橢圓形,白
衛署藥製字第048065號,顆粒劑、粉劑或散劑,白
衛署藥製字第048068號,雙圓形,綠
衛署藥製字第048081號,圓形,白;;;粉
衛署藥製字第048082號,顆粒劑、粉劑或散劑,白
衛署藥製字第048086號,膠囊,紅;;;紅
衛署藥製字第048087號,三角形,紅
衛署藥製字第048089號,橢圓形,白
衛署藥製字第048092號,四邊形,白
衛署藥製字第048098號,圓形,白
衛署藥製字第048099號,圓形,白
衛署藥製字第048120號,四邊形,白
衛署藥製字第048121號,雙圓形,綠
衛署藥製字第048122號,圓形,白
衛署藥製字第048125號,圓形,白
衛署藥製字第048128號,膠囊,白;;;白
衛署藥製字第048130號,橢圓形,白
衛署藥製字第048146號,圓形,白
衛署藥製字第048150號,圓形,白
衛署藥製字第048160號,圓形,白
衛署藥製字第048168號,圓形,黃
衛署藥製字第048169號,圓形,藍
衛署藥製字第048171號,膠囊,紫;;;紫
衛署藥製字第048181號,圓形,白
衛署藥製字第048182號,橢圓形,藍
衛署藥製字第048188號,圓形,白
衛署藥製字第048191號,圓形,白
衛署藥製字第048216號,橢圓形,白
衛署藥製字第048229號,橢圓形,白
衛署藥製字第048243號,圓形,白
衛署藥製字第048271號,圓形,綠
衛署藥製字第048272號,圓形,粉
衛署藥製字第048279號,圓形,粉
衛署藥製字第048280號,圓形,黃
衛署藥製字第048292號,膠囊,藍
衛署藥製字第048307號,橢圓形,白
衛署藥製字第048309號,圓形,黃
衛署藥製字第048320號,圓形,白
衛署藥製字第048323號,四邊形,黃
衛署藥製字第048330號,圓形,粉
衛署藥製字第048333號,圓形,白
衛署藥製字第048334號,橢圓形,紅
衛署藥製字第048339號,圓形,粉
衛署藥製字第048344號,膠囊,藍;;;藍
衛署藥製字第048345號,橢圓形,綠
衛署藥製字第048348號,液劑(包含糖漿用粉劑);;;液劑(包含糖漿用粉劑);;;液劑(包含糖漿用粉劑),棕;;;棕;;;棕
衛署藥製字第048351號,四邊形,橘
衛署藥製字第048355號,橢圓形,白
衛署藥製字第048357號,膠囊,黃;;;黃
衛署藥製字第048363號,圓形,白
衛署藥製字第048377號,圓形,白
衛署藥製字第048382號,圓形,橘
衛署藥製字第048394號,橢圓形,橘
衛署藥製字第048397號,膠囊,紫;;;白
衛署藥製字第048423號,膠囊,棕;;;透明
衛署藥製字第048436號,圓形,黃
衛署藥製字第048439號,其他,黃
衛署藥製字第048447號,圓形,白
衛署藥製字第048465號,八邊形,白
衛署藥製字第048467號,圓形,白
衛署藥製字第048469號,圓形,粉
衛署藥製字第048472號,圓形,白
衛署藥製字第048481號,圓形;;;圓形,綠;;;黃
衛署藥製字第048484號,橢圓形,白
衛署藥製字第048506號,橢圓形,白
衛署藥製字第048510號,圓形,白
衛署藥製字第048513號,橢圓形,黃
衛署藥製字第048514號,膠囊,灰;;;藍
衛署藥製字第048520號,橢圓形,白
衛署藥製字第048521號,圓形,橘
衛署藥製字第048556號,圓形,白
衛署藥製字第048557號,六邊形,藍
衛署藥製字第048558號,圓形,白
衛署藥製字第048559號,八邊形,白
衛署藥製字第048560號,雙圓形,綠
衛署藥製字第048565號,液劑(包含糖漿用粉劑),透明
衛署藥製字第048573號,膠囊,紅;;;橘
衛署藥製字第048584號,圓形,橘
衛署藥製字第048585號,膠囊,藍;;;黃
衛署藥製字第048599號,其他,白
衛署藥製字第048600號,八邊形,白
衛署藥製字第048602號,圓形,白
衛署藥製字第048630號,膠囊,藍;;;白
衛署藥製字第048632號,液劑(包含糖漿用粉劑),棕
衛署藥製字第048633號,圓形,橘
衛署藥製字第048644號,橢圓形,黃
衛署藥製字第048661號,橢圓形,白
衛署藥製字第048662號,圓形,白
衛署藥製字第048676號,橢圓形,白
衛署藥製字第048678號,液劑(包含糖漿用粉劑),透明
衛署藥製字第048683號,橢圓形;;;橢圓形,橘;;;灰
衛署藥製字第048684號,橢圓形,黃
衛署藥製字第048687號,橢圓形,白
衛署藥製字第048689號,膠囊,紅;;;紅
衛署藥製字第048694號,圓形,白
衛署藥製字第048697號,圓形,白
衛署藥製字第048705號,圓形,白
衛署藥製字第048727號,顆粒劑、粉劑或散劑,白
衛署藥製字第048731號,橢圓形,紅;;;粉
衛署藥製字第048749號,圓形,黃
衛署藥製字第048757號,橢圓形,黃
衛署藥製字第048765號,圓形,白
衛署藥製字第048772號,圓形,白
衛署藥製字第048791號,四邊形,黃
衛署藥製字第048795號,膠囊,紅;;;白
衛署藥製字第048801號,圓形,白
衛署藥製字第048808號,圓形,白
衛署藥製字第048811號,圓形,粉
衛署藥製字第048814號,圓形,白
衛署藥輸字第016999號,圓形,紅
衛署藥輸字第017077號,膠囊,綠;;;藍
衛署藥輸字第017125號,其他,黃
衛署藥輸字第017196號,膠囊,紅;;;粉
衛署藥輸字第017219號,橢圓形,白;;;白
衛署藥輸字第017244號,圓形,白;;;白
衛署藥輸字第017407號,圓形,橘
衛署藥輸字第017577號,橢圓形,白
衛署藥輸字第017603號,液劑(包含糖漿用粉劑),
衛署藥輸字第017808號,膠囊,紅;;;粉
衛署藥輸字第018155號,橢圓形,白
衛署藥輸字第018158號,橢圓形,白
衛署藥輸字第018231號,圓形,白
衛署藥輸字第018424號,圓形,白
衛署藥輸字第018542號,圓形,黃
衛署藥輸字第018580號,,
衛署藥輸字第018741號,圓形,藍
衛署藥輸字第018797號,圓形,棕
衛署藥輸字第018842號,圓形,黃
衛署藥輸字第019086號,四邊形,白
衛署藥輸字第019108號,橢圓形,白
衛署藥輸字第019488號,,
衛署藥輸字第019489號,,
衛署藥輸字第019567號,膠囊,白;;;透明
衛署藥輸字第019624號,膠囊,白;;;白
衛署藥輸字第019918號,圓形,白
衛署藥輸字第019953號,橢圓形,綠
衛署藥輸字第020144號,,
衛署藥輸字第020157號,圓形,粉
衛署藥輸字第020162號,橢圓形,藍
衛署藥輸字第020174號,圓形,白
衛署藥輸字第020198號,四邊形,藍
衛署藥輸字第020251號,橢圓形,黃
衛署藥輸字第020316號,顆粒劑、粉劑或散劑,黃
衛署藥輸字第020452號,圓形,白
衛署藥輸字第020509號,四邊形,黃
衛署藥輸字第020510號,四邊形,黃
衛署藥輸字第020548號,圓形,白
衛署藥輸字第020674號,六邊形,白
衛署藥輸字第020786號,圓形,白;;;白
衛署藥輸字第020787號,圓形,白;;;白
衛署藥輸字第020802號,圓形,白
衛署藥輸字第020826號,橢圓形,白
衛署藥輸字第020882號,膠囊,粉
衛署藥輸字第020895號,三角形,粉
衛署藥輸字第022071號,圓形,黃
衛署藥輸字第022075號,四邊形,白
衛署藥輸字第020936號,,
衛署藥輸字第020991號,圓形,白
衛署藥輸字第020999號,膠囊,棕;;;棕
衛署藥輸字第021010號,圓形,白
衛署藥輸字第021093號,四邊形,白
衛署藥輸字第021140號,橢圓形;;;橢圓形,粉;;;粉
衛署藥輸字第021150號,四邊形,白
衛署藥輸字第021174號,圓形,透明
衛署藥輸字第021175號,膠囊,透明
衛署藥輸字第021188號,橢圓形,灰
衛署藥輸字第021189號,膠囊,灰
衛署藥輸字第021234號,橢圓形,白
衛署藥輸字第021531號,八邊形,白
衛署藥輸字第021536號,橢圓形,白
衛署藥輸字第021571號,八邊形,白
衛署藥輸字第021641號,橢圓形,白
衛署藥輸字第021676號,膠囊,藍;;;藍
衛署藥輸字第021683號,圓形,白
衛署藥輸字第022117號,膠囊,棕;;;黃
衛署藥輸字第022118號,膠囊,棕;;;白
衛署藥輸字第021696號,,
衛署藥輸字第021698號,圓形,藍
衛署藥輸字第021726號,橢圓形,藍
衛署藥輸字第021757號,膠囊,藍;;;橘
衛署藥輸字第021779號,膠囊,藍;;;白
衛署藥輸字第021780號,橢圓形,白
衛署藥輸字第021782號,,
衛署藥輸字第021788號,四邊形,白
衛署藥輸字第021830號,顆粒劑、粉劑或散劑,白
衛署藥輸字第021847號,橢圓形,白
衛署藥輸字第021880號,,
衛署藥輸字第021905號,橢圓形,白
衛署藥輸字第021914號,橢圓形,白
衛署藥輸字第022008號,橢圓形,白
衛署藥輸字第022016號,三角形,白
衛署藥輸字第022043號,膠囊,白;;;白
衛署藥輸字第022044號,膠囊,紅;;;紅
衛署藥輸字第022047號,,
衛署藥輸字第022120號,其他,白
衛署藥輸字第022131號,,
衛署藥輸字第022132號,,
衛署藥輸字第022139號,橢圓形,黃
衛署藥輸字第022152號,圓形,粉
衛署藥輸字第022154號,圓形,白
衛署藥輸字第022179號,圓形,白
衛署藥輸字第022193號,圓形,白
衛署藥輸字第022196號,圓形,黃
衛署藥輸字第022197號,圓形,藍
衛署藥輸字第022263號,圓形,棕
衛署藥輸字第022282號,圓形,白
衛署藥輸字第022310號,圓形,白
衛署藥輸字第022324號,圓形,白
衛署藥輸字第022326號,圓形,白
衛署藥輸字第022339號,圓形,白
衛署藥輸字第022342號,圓形,白
衛署藥輸字第022357號,膠囊,棕;;;紅
衛署藥輸字第022376號,圓形,白
衛署藥輸字第022382號,四邊形,藍
衛署藥輸字第022383號,四邊形,藍
衛署藥輸字第022387號,圓形,白
衛署藥輸字第022396號,四邊形,白
衛署藥輸字第022409號,橢圓形,棕
衛署藥輸字第022420號,橢圓形,黃
衛署藥輸字第022438號,膠囊,綠;;;白
衛署藥輸字第022462號,圓形,黃
衛署藥輸字第022507號,圓形,黃
衛署藥輸字第022508號,圓形,黃
衛署藥輸字第022509號,圓形;;;圓形,白;;;白
衛署藥輸字第022529號,,
衛署藥輸字第022533號,橢圓形,棕
衛署藥輸字第022535號,圓形,白
衛署藥輸字第022542號,圓形,黃
衛署藥輸字第022543號,圓形,橘
衛署藥輸字第022544號,圓形,白
衛署藥輸字第022551號,橢圓形,白
衛署藥輸字第022605號,八邊形,橘
衛署藥輸字第022610號,圓形,黃
衛署藥輸字第022612號,四邊形,白
衛署藥輸字第022658號,四邊形,白
衛署藥輸字第022671號,雙圓形,綠
衛署藥輸字第022695號,,
衛署藥輸字第022712號,,
衛署藥輸字第022726號,圓形,黃
衛署藥輸字第022754號,,
衛署藥輸字第022767號,橢圓形,白
衛署藥輸字第022768號,橢圓形,橘
衛署藥輸字第022769號,橢圓形,黃
衛署藥輸字第022778號,四邊形,橘
衛署藥輸字第022779號,圓形,紫
衛署藥輸字第022782號,圓形,黃
衛署藥輸字第022783號,圓形,白
衛署藥輸字第022794號,圓形,黃
衛署藥輸字第022803號,圓形,白
衛署藥輸字第022816號,膠囊,藍;;;粉
衛署藥輸字第022821號,膠囊,黃;;;黃
衛署藥輸字第022822號,膠囊,橘;;;橘
衛署藥輸字第022823號,膠囊,白;;;白
衛署藥輸字第022824號,橢圓形,粉
衛署藥輸字第022843號,橢圓形,白
衛署藥輸字第022858號,膠囊,橘;;;橘
衛署藥輸字第022859號,膠囊,紅;;;橘
衛署藥輸字第022861號,膠囊,黃;;;黃
衛署藥輸字第022863號,膠囊,紅;;;紅
衛署藥輸字第022869號,四邊形,黃
衛署藥輸字第022877號,圓形,黃;;;黃
衛署藥輸字第022882號,五邊形,白
衛署藥輸字第022883號,五邊形,綠
衛署藥輸字第022886號,圓形,白
衛署藥輸字第022889號,圓形,白
衛署藥輸字第022890號,圓形,白
衛署藥輸字第022917號,圓形,黃;;;白
衛署藥輸字第022920號,圓形,白
衛署藥輸字第022927號,圓形,粉
衛署藥輸字第022929號,液劑(包含糖漿用粉劑),白
衛署藥輸字第022932號,圓形,粉
衛署藥輸字第022959號,圓形,黃
衛署藥輸字第022962號,橢圓形,黃
衛署藥輸字第022989號,圓形,黃
衛署藥輸字第022997號,膠囊,白;;;白
衛署藥輸字第023001號,膠囊,白;;;白
衛署藥輸字第023010號,四邊形,粉
衛署藥輸字第023013號,圓形,白
衛署藥輸字第023016號,橢圓形,粉
衛署藥輸字第023051號,膠囊,藍;;;藍
衛部藥輸字第028973號,其他,橘
衛部藥輸字第028977號,橢圓形,黃
衛部藥輸字第028989號,,
衛部藥輸字第028994號,橢圓形,藍
衛部藥輸字第028996號,橢圓形,黃
衛部藥輸字第028997號,,
衛部藥輸字第029002號,,
衛部藥輸字第029003號,橢圓形,黃;;;黃
衛部藥輸字第029006號,膠囊,白
衛部藥輸字第029007號,膠囊,白
衛部藥輸字第029009號,圓形,白
衛部藥輸字第029010號,圓形,黃
衛部藥輸字第029013號,圓形,黃
衛部藥輸字第029023號,圓形,黃
衛部藥輸字第029041號,圓形,白
衛部藥輸字第029043號,膠囊,白
衛部藥輸字第029046號,圓形,綠
衛部藥輸字第029054號,橢圓形,白;;;白
衛部藥輸字第029055號,橢圓形,白;;;白
衛部藥輸字第029061號,,
衛署成製字第007869號,,透明
衛署成製字第008155號,圓形,白
衛署成製字第014771號,,;;;
衛署成製字第015063號,其他,;;;
衛署成製字第016214號,液劑(包含糖漿用粉劑),藍
衛署罕藥製字第000001號,膠囊,藍;;;藍
衛署罕藥製字第000006號,膠囊,橘;;;白
衛署罕藥製字第000007號,膠囊,橘;;;橘
衛署罕藥製字第000008號,膠囊,黃;;;黃
衛署罕藥製字第000009號,膠囊,橘;;;橘
衛署罕藥製字第000010號,膠囊,藍;;;藍
衛署罕藥製字第000011號,膠囊,白;;;白
衛署罕藥輸字第000001號,液劑(包含糖漿用粉劑),透明
衛署罕藥輸字第000002號,膠囊,白;;;白
衛署罕藥輸字第000005號,膠囊,紫;;;黃
衛署罕藥輸字第000006號,圓形,白
衛署罕藥輸字第000007號,膠囊,白;;;白
衛署罕藥輸字第000010號,橢圓形,白
衛署罕藥輸字第000012號,圓形,橘
衛署罕藥輸字第000013號,橢圓形,橘
衛署罕藥輸字第000017號,,
衛署罕藥輸字第000019號,圓形,白
衛署罕藥輸字第000021號,四邊形,白
衛署罕藥輸字第000023號,橢圓形,粉
衛署罕藥輸字第000024號,四邊形,粉
衛署罕藥輸字第000025號,膠囊,黃;;;白
衛署罕藥輸字第000026號,圓形;;;圓形,黃;;;黃
衛署罕藥輸字第000027號,圓形,白
衛署菌疫輸字第000301號,,;;;
衛署菌疫輸字第000456號,,
衛署菌疫輸字第000510號,其他,
衛署菌疫輸字第000702號,,;;;
衛署菌疫輸字第000751號,,
衛署菌疫輸字第000825號,液劑(包含糖漿用粉劑),黃
衛署菌疫輸字第000845號,,
衛署菌疫輸字第000856號,,
衛署菌疫輸字第000935號,,
衛署菌疫輸字第000939號,,
衛署藥製字第000059號,圓形,白
衛署藥製字第000072號,圓形,橘
衛署藥製字第000076號,圓形,白
衛署藥製字第000096號,膠囊,藍;;;白
衛署藥製字第000106號,膠囊,紅;;;黃
衛署藥製字第000118號,圓形,白
衛署藥製字第000119號,圓形,白
衛署藥製字第000173號,圓形,白
衛署藥製字第000178號,圓形,黃
衛署藥製字第000389號,圓形,白
衛署藥製字第000467號,圓形,黃
衛署藥製字第000639號,圓形,藍綠
衛署藥製字第000649號,圓形,綠
衛署藥製字第000655號,圓形,白
衛署藥製字第000913號,圓形,粉
衛署藥製字第001041號,三角形,藍
衛署藥製字第001047號,圓形,白
衛署藥製字第001129號,圓形,白
衛署藥製字第001154號,膠囊,紅;;;白
衛署藥製字第001400號,圓形,黃
衛署藥製字第001426號,四邊形,白
衛署藥製字第001662號,圓形,黃
衛署藥製字第001713號,圓形,白
衛署藥製字第001741號,圓形,白
衛署藥製字第001779號,圓形,黃
衛署藥製字第001781號,橢圓形,黃
衛署藥製字第001816號,圓形,白
衛署藥製字第001963號,圓形,白
衛署藥製字第001997號,圓形,粉
衛署藥製字第002101號,圓形,綠
衛署藥製字第002242號,圓形,黃
衛署藥製字第002244號,圓形,白
衛署藥製字第002320號,圓形,白
衛署藥製字第002359號,圓形,藍
衛署藥製字第002573號,圓形,黃
衛署藥製字第002626號,膠囊,藍;;;黃
衛署藥製字第002763號,圓形,黃
衛署藥製字第002904號,圓形,白
衛署藥製字第002956號,膠囊,橘;;;白
衛署藥製字第002962號,圓形,粉
衛署藥製字第002963號,圓形,白
衛署藥製字第003019號,圓形,綠
衛署藥製字第003086號,圓形,黃
衛署藥製字第003136號,圓形,白
衛署藥製字第003286號,膠囊,紅;;;黃
衛署藥製字第003291號,圓形,白
衛署藥製字第003314號,膠囊,藍;;;黃
衛署藥製字第003365號,圓形,白
衛署藥製字第003388號,圓形,白
衛署藥製字第003389號,圓形,白
衛署藥製字第003437號,膠囊,藍;;;白
衛署藥製字第003442號,圓形,白
衛署藥製字第003494號,圓形,黃
衛署藥製字第003534號,圓形,粉
衛署藥製字第003621號,五邊形,粉
衛署藥製字第003633號,圓形,白
衛署藥製字第003727號,膠囊,紅;;;紅
衛署藥製字第003739號,圓形,綠
衛署藥製字第003773號,圓形,綠
衛署藥製字第003775號,膠囊,紅;;;黃
衛署藥製字第003903號,圓形,白
衛署藥製字第003976號,圓形,白
衛署藥製字第004042號,圓形,白
衛署藥製字第004052號,膠囊,橘;;;黃
衛署藥製字第004220號,圓形,白
衛署藥製字第004221號,圓形,藍
衛署藥製字第004222號,圓形,白
衛署藥製字第004249號,圓形,黃
衛署藥製字第004263號,膠囊,藍;;;白
衛署藥製字第004276號,圓形,粉
衛署藥製字第004300號,圓形,白
衛署藥製字第004382號,圓形,白
衛署藥製字第004411號,圓形,黃
衛署藥製字第004414號,圓形,黃
衛署藥製字第004417號,圓形,黃
衛署藥製字第004441號,圓形,粉
衛署藥製字第004452號,圓形,黃
衛署藥製字第004462號,三角形,黃
衛署藥製字第004475號,圓形,粉
衛署藥製字第004506號,圓形,白
衛署藥製字第004643號,圓形,白
衛署藥製字第004692號,圓形,白
衛署藥製字第004704號,圓形,藍
衛署藥製字第004722號,圓形,白
衛署藥製字第004737號,圓形,橘
衛署藥製字第004739號,膠囊,紅;;;紅
衛署藥製字第004782號,液劑(包含糖漿用粉劑);;;液劑(包含糖漿用粉劑),紅;;;紅
衛署藥製字第004791號,圓形,綠
衛署藥製字第004815號,圓形,黃
衛署藥製字第004820號,圓形,粉
衛署藥製字第004835號,圓形,白
衛署藥製字第004838號,膠囊,藍;;;粉
衛署藥製字第004857號,圓形,白
衛署藥製字第004899號,圓形,白
衛署藥製字第004900號,圓形,白
衛署藥製字第004919號,圓形,白
衛署藥製字第004953號,液劑(包含糖漿用粉劑);;;液劑(包含糖漿用粉劑),棕;;;棕
衛署藥製字第004993號,圓形,黃
衛署藥製字第005045號,圓形,黃
衛署藥製字第005051號,圓形,白;;;白
衛署藥製字第005200號,圓形,紅
衛署藥製字第005232號,膠囊,綠;;;黃
衛署藥製字第005247號,圓形,藍
衛署藥製字第005359號,圓形,粉
衛署藥製字第005381號,膠囊,藍;;;黃
衛署藥製字第005412號,圓形,白
衛署藥製字第005445號,膠囊,綠;;;綠
衛署藥製字第005446號,膠囊,綠;;;白
衛署藥製字第005508號,膠囊,藍;;;黃
衛署藥製字第005669號,圓形,白
衛署藥製字第005712號,圓形,藍
衛署藥製字第005749號,膠囊,紅;;;黃
衛署藥製字第036188號,膠囊,紅;;;紅
衛署藥製字第036195號,圓形,白
衛署藥製字第036204號,圓形,白
衛署藥製字第036214號,四邊形,藍
衛署藥製字第036237號,圓形,白
衛署藥製字第036238號,膠囊,紅;;;黃
衛署藥製字第036248號,橢圓形,白
衛署藥製字第036266號,膠囊,藍;;;橘
衛署藥製字第036267號,圓形,白
衛署藥製字第036268號,六邊形,白
衛署藥製字第036312號,圓形,紅
衛署藥製字第036330號,液劑(包含糖漿用粉劑),透明
衛署藥製字第036338號,六邊形,黃
衛署藥製字第036349號,橢圓形,白
衛署藥製字第036356號,膠囊,紫;;;黃
衛署藥製字第036360號,圓形,橘
衛署藥製字第036367號,其他,橘
衛署藥製字第036370號,圓形,藍
衛署藥製字第036371號,圓形,橘
衛署藥製字第036385號,膠囊,紅;;;粉
衛署藥製字第036389號,圓形,藍
衛署藥製字第036394號,膠囊,棕;;;黃
衛署藥製字第036396號,圓形,白
衛署藥製字第036403號,圓形,橘
衛署藥製字第036410號,圓形,白
衛署藥製字第036422號,圓形,白
衛署藥製字第036425號,膠囊,藍;;;橘
衛署藥製字第036426號,膠囊,藍;;;粉
衛署藥製字第036430號,膠囊,黃;;;白
衛署藥製字第036454號,膠囊,白;;;白
衛署藥製字第036480號,圓形,白
衛署藥製字第036483號,膠囊,白;;;白
衛署藥製字第036485號,圓形,綠
衛署藥製字第036503號,圓形,黃
衛署藥製字第036506號,圓形,白
衛署藥製字第036508號,圓形,白
衛署藥製字第036534號,膠囊,橘;;;白
衛署藥製字第036588號,圓形,紅
衛署藥製字第036600號,圓形,綠
衛署藥製字第036626號,圓形,綠
衛署藥製字第036642號,圓形,黃
衛署藥製字第036644號,圓形,綠
衛署藥製字第036662號,圓形,綠
衛署藥製字第036676號,,
衛署藥製字第036677號,膠囊,黑;;;灰
衛署藥製字第036679號,膠囊,灰;;;白
衛署藥製字第036693號,膠囊,橘;;;白
衛署藥製字第036723號,液劑(包含糖漿用粉劑);;;液劑(包含糖漿用粉劑),透明;;;透明
衛署藥製字第036736號,橢圓形,藍
衛署藥製字第036749號,膠囊,黑;;;黃
衛署藥製字第036757號,膠囊,灰;;;白
衛署藥製字第036758號,膠囊,橘;;;白
衛署藥製字第036769號,圓形,黃
衛署藥製字第036786號,橢圓形,黃
衛署藥製字第036794號,圓形,白
衛署藥製字第036815號,膠囊,藍;;;橘
衛署藥製字第036817號,圓形,綠
衛署藥製字第036845號,橢圓形,粉
衛署藥製字第036854號,橢圓形,灰
衛署藥製字第036864號,液劑(包含糖漿用粉劑),黃
衛署藥製字第036869號,圓形,粉
衛署藥製字第036892號,圓形,綠
衛署藥製字第036895號,四邊形,白
衛署藥製字第036940號,膠囊,藍;;;橘
衛署藥製字第036944號,圓形,白
衛署藥製字第036966號,圓形,白
衛署藥製字第036971號,膠囊,紅
衛署藥製字第037029號,膠囊,藍;;;黃
衛署藥製字第037054號,圓形,白
衛署藥製字第037082號,橢圓形,綠
衛署藥製字第037098號,圓形,白
衛署藥製字第037123號,四邊形,白
衛署藥製字第037125號,膠囊,藍;;;灰
衛署藥製字第037140號,圓形,白
衛署藥製字第037141號,圓形,白
衛署藥製字第037159號,膠囊,綠;;;白
衛署藥製字第037167號,膠囊,藍;;;紅
衛署藥製字第037190號,膠囊,黃
衛署藥製字第037196號,圓形,白
衛署藥製字第037225號,圓形,黃
衛署藥製字第037229號,橢圓形,白
衛署藥製字第037249號,橢圓形,白
衛署藥製字第037256號,圓形,橘
衛署藥製字第037257號,四邊形,橘
衛署藥製字第037267號,膠囊,橘;;;透明
衛署藥製字第037325號,,
衛署藥製字第037344號,膠囊,橘;;;透明
衛署藥製字第037352號,四邊形,藍
衛署藥製字第037355號,圓形,黃
衛署藥製字第037368號,圓形,黃
衛署藥製字第037375號,圓形,橘
衛署藥製字第037378號,圓形,黃
衛署藥製字第037390號,膠囊,橘;;;白
衛署藥製字第037392號,圓形,黃
衛署藥製字第037396號,圓形,白
衛署藥製字第037401號,膠囊,橘;;;黃
衛署藥製字第037402號,橢圓形,黃
衛署藥製字第037441號,圓形,白
衛署藥製字第037473號,膠囊,紅;;;白
衛署藥製字第037519號,圓形,白
衛署藥製字第037522號,圓形,橘
衛署藥製字第037523號,橢圓形,橘
衛署藥製字第037549號,圓形,橘
衛署藥製字第037551號,圓形,黃
衛署藥製字第037557號,圓形,黃
衛署藥製字第037572號,圓形,黃
衛署藥製字第037577號,圓形,白
衛署藥製字第037586號,圓形,黃
衛署藥製字第037591號,圓形,粉
衛署藥製字第037598號,顆粒劑、粉劑或散劑,橘
衛署藥製字第037601號,圓形,白
衛署藥製字第037603號,圓形,橘
衛署藥製字第037608號,膠囊,橘;;;白
衛署藥製字第037644號,圓形,紅
衛署藥製字第037651號,圓形,黃
衛署藥製字第037652號,膠囊,藍;;;白
衛署藥製字第037661號,圓形,白
衛署藥製字第037675號,橢圓形,粉
衛署藥製字第037679號,圓形,白
衛署藥製字第037680號,膠囊,白;;;白
衛署藥製字第037682號,圓形,白
衛署藥製字第037685號,橢圓形,白
衛署藥製字第037686號,液劑(包含糖漿用粉劑),棕
衛署藥製字第037687號,橢圓形,粉
衛署藥製字第037689號,圓形,黃
衛署藥製字第037696號,四邊形,綠
衛署藥製字第037697號,圓形,棕
衛署藥製字第037702號,圓形,白
衛署藥製字第037712號,圓形,白
衛署藥製字第037720號,圓形,白
衛署藥製字第037740號,膠囊,藍;;;黃
衛署藥製字第037807號,橢圓形,黃
衛署藥製字第037834號,液劑(包含糖漿用粉劑),紫
衛署藥製字第037837號,圓形,白
衛署藥製字第037861號,圓形,白
衛署藥製字第037875號,圓形,白
衛署藥製字第037876號,膠囊,棕;;;棕
衛署藥製字第037906號,圓形,白
衛署藥製字第037908號,顆粒劑、粉劑或散劑,粉
衛署藥製字第037928號,圓形,白
衛署藥製字第037929號,圓形,白
衛署藥製字第037945號,橢圓形,綠
衛署藥製字第037997號,圓形,白
衛署藥製字第038018號,圓形,紅
衛署藥製字第038019號,圓形,橘
衛署藥製字第038023號,圓形,白
衛署藥製字第038030號,膠囊,棕;;;透明
衛署藥製字第038055號,五邊形,白
衛署藥製字第038056號,圓形,綠
衛署藥製字第038076號,圓形,粉
衛署藥製字第038081號,膠囊,白;;;白
衛署藥製字第038088號,四邊形,黃
衛署藥製字第038089號,圓形,白
衛署藥製字第038104號,圓形,白
衛署藥製字第038117號,膠囊,藍;;;綠
衛署藥製字第038132號,圓形,黃
衛署藥製字第038134號,膠囊,棕;;;棕
衛署藥製字第038139號,圓形,藍
衛署藥製字第038140號,四邊形,白
衛署藥製字第038163號,顆粒劑、粉劑或散劑,橘
衛署藥製字第055530號,圓形,粉
衛署藥製字第055531號,橢圓形,白
衛署藥製字第055534號,圓形,紫
衛署藥製字第055540號,橢圓形,白
衛署藥製字第055544號,圓形,黃
衛署藥製字第055547號,橢圓形,白
衛署藥製字第055554號,顆粒劑、粉劑或散劑,白
衛署藥製字第055555號,圓形,白
衛署藥製字第055556號,圓形,白
衛署藥製字第055558號,橢圓形,白
衛署藥製字第055560號,橢圓形,白
衛署藥製字第055563號,膠囊,白;;;白
衛署藥製字第055565號,橢圓形,綠
衛署藥製字第055566號,橢圓形,白
衛署藥製字第055568號,四邊形,白
衛署藥製字第055569號,橢圓形,白
衛署藥製字第055571號,橢圓形,白
衛署藥製字第055572號,橢圓形,白
衛署藥製字第055578號,圓形,白
衛署藥製字第055583號,橢圓形,白
衛署藥製字第055584號,四邊形,白
衛署藥製字第055888號,圓形,黃
衛署藥製字第055889號,膠囊,綠;;;綠
衛署藥製字第055895號,橢圓形,白
衛署藥製字第055900號,顆粒劑、粉劑或散劑,黃
衛署藥製字第055902號,圓形,白
衛署藥製字第055904號,四邊形,粉
衛署藥製字第055905號,膠囊,橘;;;黃
衛署藥製字第055906號,五邊形,綠
衛署藥製字第055907號,圓形,白
衛署藥製字第055916號,橢圓形,粉
衛署藥製字第055924號,圓形,白
衛署藥製字第055928號,其他,白
衛署藥製字第055931號,橢圓形,白
衛署藥製字第055939號,雙圓形,白
衛署藥製字第055945號,橢圓形,白
衛署藥製字第055946號,液劑(包含糖漿用粉劑),透明
衛署藥製字第055948號,橢圓形,白
衛署藥製字第055950號,橢圓形,白
衛署藥製字第055953號,三角形;;;三角形,白;;;白
衛署藥製字第055956號,橢圓形,白
衛署藥製字第055961號,橢圓形,白
衛署藥製字第055972號,橢圓形,白
衛署藥製字第055984號,圓形,白
衛署藥製字第055985號,橢圓形,白
衛署藥製字第055986號,橢圓形,白;;;黃
衛署藥製字第055987號,圓形,白
衛署藥製字第055990號,橢圓形,白
衛署藥製字第056296號,,
衛署藥製字第056299號,圓形,橘
衛署藥製字第056306號,圓形,白
衛署藥製字第056311號,圓形,白
衛署藥製字第056313號,圓形,黃
衛署藥製字第056316號,膠囊,粉;;;白
衛署藥製字第056317號,圓形,白
衛署藥製字第056319號,橢圓形,白
衛署藥製字第056321號,圓形,白
衛署藥製字第056626號,橢圓形,粉
衛署藥製字第056633號,圓形,黃
衛署藥製字第056639號,橢圓形,白
衛署藥製字第056643號,膠囊,紅;;;紫
衛署藥製字第056645號,圓形,白
衛署藥製字第056651號,圓形,紫
衛署藥製字第056660號,圓形,紅;;;紅
衛署藥製字第056662號,橢圓形,白
衛署藥製字第056665號,膠囊,紅;;;白
衛署藥製字第056667號,圓形,黃
衛署藥製字第056668號,圓形,白
衛署藥製字第056670號,圓形,粉
衛署藥製字第056679號,圓形,白
衛署藥製字第056680號,圓形,黃
衛署藥製字第056682號,橢圓形,白
衛署藥製字第056685號,圓形,粉
衛署藥製字第056686號,膠囊,藍;;;白
衛署藥製字第056697號,橢圓形,白
衛署藥製字第056702號,橢圓形,白
衛署藥製字第056706號,橢圓形,黃
衛署藥製字第056709號,橢圓形,藍
衛署藥製字第056712號,圓形,白
衛署藥製字第056715號,四邊形,橘
衛署藥製字第056716號,八邊形,白
衛署藥製字第056717號,膠囊,白;;;透明
衛署藥製字第056718號,四邊形,粉
衛署藥製字第056720號,橢圓形,白
衛署藥製字第056724號,圓形,黃
衛署藥製字第056726號,圓形,白
衛署藥製字第056728號,橢圓形,白
衛署藥製字第056730號,圓形,白
衛署藥製字第056733號,橢圓形,黃
衛署藥製字第056735號,圓形,白
衛署藥製字第056736號,橢圓形,白
衛署藥製字第056738號,膠囊,藍;;;白
衛署藥製字第056739號,橢圓形,白
衛署藥製字第056742號,,
衛署藥製字第056744號,圓形,橘
衛署藥製字第056751號,橢圓形,橘
衛署藥製字第056756號,圓形,白
衛署藥製字第056761號,橢圓形,橘
衛署藥製字第056770號,液劑(包含糖漿用粉劑),透明
衛署藥製字第056773號,圓形,白
衛署藥製字第056774號,橢圓形,黃
衛署藥製字第056776號,膠囊,藍;;;白
衛署藥製字第056778號,圓形,白
衛署藥製字第056780號,圓形,黃
衛署藥製字第056782號,圓形,紫
衛署藥製字第056785號,圓形,粉
衛署藥製字第056787號,圓形,白
衛署藥製字第056789號,橢圓形,粉
衛署藥製字第056790號,圓形,黃
衛署藥製字第056791號,圓形,白
衛署藥製字第056799號,圓形,白
衛署藥製字第056800號,圓形,白
衛署藥製字第056801號,橢圓形,白
衛署藥製字第057101號,橢圓形,粉
衛署藥製字第057103號,橢圓形,白
衛署藥製字第057105號,圓形,粉
衛署藥製字第057106號,圓形,黃
衛署藥製字第057107號,膠囊,黃
衛署藥製字第057108號,膠囊,藍;;;藍
衛署藥製字第057114號,八邊形,白
衛署藥製字第057115號,橢圓形,粉
衛署藥製字第057116號,橢圓形,黃
衛署藥製字第057117號,雙圓形,綠
衛署藥製字第057119號,膠囊,粉;;;白
衛署藥製字第057120號,膠囊,紅;;;白
衛署藥製字第057121號,圓形,白
衛署藥製字第057122號,圓形,白
衛署藥製字第057127號,橢圓形,粉
衛署藥製字第057128號,圓形,白
衛署藥製字第057130號,圓形,粉
衛署藥製字第057133號,橢圓形,白
衛署藥製字第057138號,圓形,白
衛署藥製字第057147號,橢圓形,橘
衛署藥製字第057152號,膠囊,藍;;;藍
衛署藥製字第057153號,膠囊,橘;;;橘
衛署藥製字第057155號,圓形,粉
衛署藥製字第057156號,液劑(包含糖漿用粉劑),粉
衛署藥製字第057160號,圓形,粉
衛署藥製字第057163號,圓形,橘
衛署藥製字第057167號,膠囊,藍
衛署藥製字第057169號,顆粒劑、粉劑或散劑,白
衛署藥製字第057170號,橢圓形,白
衛署藥製字第057172號,圓形,白
衛署藥製字第057173號,橢圓形,紅
衛署藥製字第057176號,橢圓形,橘
衛署藥製字第057179號,膠囊,白;;;白
衛署藥製字第057183號,四邊形,黃
衛署藥製字第057194號,圓形,粉
衛署藥製字第057196號,膠囊,白;;;白
衛署藥製字第057199號,圓形,白
衛署藥製字第057200號,橢圓形,白
衛署藥製字第057204號,橢圓形,白
衛署藥製字第057205號,膠囊,粉;;;粉
衛署藥製字第057206號,膠囊,粉;;;白
衛署藥製字第057209號,圓形,白;;;綠
衛署藥製字第057213號,圓形,白
衛署藥製字第057216號,橢圓形,黃
衛署藥製字第057217號,四邊形,粉
衛署藥製字第057219號,圓形,粉
衛署藥製字第057224號,圓形,白
衛署藥製字第057225號,圓形,黃
衛署藥製字第057226號,橢圓形,黃
衛署藥製字第057228號,圓形,白
衛署藥製字第057231號,橢圓形,白
衛署藥製字第057234號,圓形,白
衛署藥製字第057235號,橢圓形,黃
衛署藥製字第057236號,橢圓形,白
衛署藥製字第057237號,橢圓形,黃
衛署藥製字第057238號,橢圓形,粉
衛署藥製字第057239號,圓形,白
衛署藥製字第057244號,橢圓形,白
衛署藥製字第057249號,膠囊,橘;;;黃
衛署藥製字第057261號,圓形,橘
衛署藥製字第057264號,橢圓形,白
衛署藥製字第057267號,四邊形,白
衛署藥輸字第025901號,圓形,黃
衛署藥輸字第025913號,圓形,黃
衛署藥輸字第025923號,膠囊,白
衛署藥輸字第025938號,膠囊,粉;;;粉
衛署藥輸字第025972號,膠囊,粉;;;白
衛署藥輸字第026001號,圓形,黃
衛署藥輸字第026028號,橢圓形,白
衛署藥輸字第026032號,圓形,藍
衛署藥輸字第026033號,圓形,藍
衛署藥輸字第026043號,橢圓形,粉
衛署藥輸字第026045號,圓形,白
衛署藥輸字第026046號,圓形,黃
衛署藥輸字第026049號,橢圓形,粉
衛署藥輸字第026064號,膠囊,白
衛署藥輸字第026090號,橢圓形,白
衛署藥輸字第R00063號,膠囊,黃
衛署藥製字第044293號,四邊形,白
衛署藥製字第044295號,圓形,橘
衛署藥製字第044300號,膠囊,橘;;;橘
衛署藥製字第044315號,四邊形,橘
衛署藥製字第044316號,圓形,橘
衛署藥製字第044317號,圓形,白
衛署藥製字第044320號,圓形,橘
衛署藥製字第044331號,四邊形,藍
衛署藥製字第044338號,圓形,白
衛署藥製字第044365號,圓形,黃
衛署藥製字第044366號,橢圓形,黃
衛署藥製字第044371號,八邊形,白
衛署藥製字第044374號,橢圓形,白
衛署藥製字第044375號,液劑(包含糖漿用粉劑),棕
衛署藥製字第044403號,圓形,橘
衛署藥製字第044418號,四邊形,藍
衛署藥製字第044434號,圓形,橘
衛署藥製字第044437號,,
衛署藥製字第044448號,膠囊,紅;;;白
衛署藥製字第044449號,圓形,白
衛署藥製字第044450號,圓形,橘
衛署藥製字第044459號,圓形,白
衛署藥製字第044461號,膠囊,橘;;;黃
衛署藥製字第044463號,四邊形,白
衛署藥製字第044468號,圓形,粉
衛署藥製字第044469號,圓形,白
衛署藥製字第044475號,八邊形,白
衛署藥製字第044476號,圓形,黃
衛署藥製字第044478號,圓形,橘
衛署藥製字第044479號,橢圓形,黃
衛署藥製字第044481號,圓形,白
衛署藥製字第044485號,四邊形,白
衛署藥製字第044500號,顆粒劑、粉劑或散劑,白
衛署藥製字第044507號,四邊形,白
衛署藥製字第044541號,橢圓形,白
衛署藥製字第044546號,橢圓形,粉
衛署藥製字第044547號,圓形,橘
衛署藥製字第044572號,圓形,白
衛署藥製字第044575號,圓形,粉
衛署藥製字第044595號,橢圓形,白
衛署藥製字第044596號,圓形,白
衛署藥製字第044597號,四邊形,白
衛署藥製字第044602號,橢圓形,藍
衛署藥製字第044605號,橢圓形,白
衛署藥製字第044607號,八邊形,白;;;白
衛署藥製字第044619號,圓形,白
衛署藥製字第044680號,膠囊,藍;;;白
衛署藥製字第044682號,圓形,白
衛署藥製字第044684號,橢圓形,白
衛署藥製字第044685號,橢圓形,粉
衛署藥製字第044689號,膠囊,白;;;透明
衛署藥製字第044708號,橢圓形,白
衛署藥製字第044710號,四邊形,白
衛署藥製字第044713號,橢圓形,白
衛署藥製字第044731號,圓形,白
衛署藥製字第044733號,橢圓形,黃
衛署藥製字第044781號,圓形,白
衛署藥製字第044801號,四邊形,白
衛署藥製字第044804號,膠囊,紅;;;白
衛署藥製字第044807號,圓形,白
衛署藥製字第044826號,橢圓形,白
衛署藥製字第044829號,橢圓形,橘
衛署藥製字第044843號,圓形,白
衛署藥製字第044850號,四邊形,白
衛署藥製字第044853號,橢圓形,白
衛署藥製字第044878號,膠囊,黃;;;綠
衛署藥製字第044916號,橢圓形,紅
衛署藥製字第044921號,橢圓形,紫
衛署藥製字第044924號,膠囊,白;;;透明
衛署藥製字第044974號,,
衛署藥製字第044978號,圓形,白
衛署藥製字第044980號,圓形,白
衛署藥製字第044998號,橢圓形,粉
衛署藥製字第045000號,圓形,紫
衛署藥製字第045001號,圓形,橘
衛署藥製字第045013號,四邊形,白
衛署藥製字第045020號,圓形,白
衛署藥製字第045031號,圓形,粉;;;白
衛署藥製字第045039號,四邊形,白
衛署藥製字第045041號,橢圓形,白
衛署藥製字第045043號,圓形,粉
衛署藥製字第045085號,八邊形,白
衛署藥製字第045147號,橢圓形,白
衛署藥製字第045155號,橢圓形,白
衛署藥製字第045172號,四邊形,黃
衛署藥製字第045177號,圓形,粉
衛署藥製字第045178號,橢圓形,白
衛署藥製字第045181號,圓形,白;;;藍
衛署藥製字第045187號,八邊形,白
衛署藥製字第045201號,橢圓形,白
衛署藥製字第045247號,圓形,白
衛署藥製字第045248號,膠囊,白;;;白
衛署藥製字第045250號,膠囊,綠;;;綠
衛署藥製字第045254號,四邊形,白
衛署藥製字第045276號,橢圓形,白
衛署藥製字第045277號,液劑(包含糖漿用粉劑),棕
衛署藥製字第045281號,圓形,黃
衛署藥製字第045290號,圓形,黃
衛署藥製字第045305號,圓形,橘
衛署藥製字第045309號,圓形,橘
衛署藥製字第045311號,圓形,黃
衛署藥製字第045312號,圓形,紅
衛署藥製字第045334號,圓形,白
衛署藥製字第045342號,圓形,橘
衛署藥製字第045343號,橢圓形,黃
衛署藥製字第045345號,圓形,白
衛署藥製字第045346號,膠囊,白;;;白
衛署藥製字第045348號,其他,黃
衛署藥製字第045350號,液劑(包含糖漿用粉劑),粉
衛署藥製字第045352號,圓形,白
衛署藥製字第045358號,圓形,橘
衛署藥製字第045374號,膠囊,紅;;;橘
衛署藥製字第045375號,圓形,黃
衛署藥製字第045380號,橢圓形,白
衛署藥製字第045381號,橢圓形,黃
衛署藥製字第045383號,圓形,白
衛署藥製字第045385號,圓形,黃
衛署藥製字第045387號,六邊形,藍
衛署藥製字第045392號,圓形,橘
衛署藥製字第045407號,圓形,綠
衛署藥製字第045412號,橢圓形,橘
衛署藥製字第045414號,圓形,黃
衛署藥製字第045437號,圓形,黃
衛署藥製字第045489號,三角形,白
衛署藥製字第045492號,圓形,白
衛署藥製字第045510號,圓形,紅
衛署藥製字第045539號,膠囊,白;;;透明
衛署藥製字第045541號,圓形,白
衛署藥製字第045543號,膠囊,灰;;;灰
衛署藥製字第045552號,橢圓形,粉
衛署藥製字第045557號,橢圓形,白
衛署藥製字第045621號,四邊形,藍
衛署藥製字第045646號,圓形,白
衛署藥製字第045648號,圓形,黃
衛署藥製字第045649號,橢圓形,粉
衛署藥製字第045653號,橢圓形,綠
衛署藥製字第045671號,橢圓形,白
衛署藥製字第045697號,圓形,白
衛署藥製字第045699號,膠囊,橘;;;橘
衛署藥製字第045700號,圓形,黃
衛署藥製字第045708號,膠囊,粉;;;粉
衛署藥製字第045722號,膠囊,灰;;;灰
衛署藥製字第045725號,橢圓形,紅
衛署藥製字第045733號,圓形,白
衛署藥製字第045752號,橢圓形,白
衛署藥製字第045757號,膠囊,橘
衛署藥製字第045777號,膠囊,黃;;;黃
衛署藥製字第045779號,橢圓形,綠
衛署藥製字第045781號,圓形,黃
衛署藥製字第045800號,膠囊,紅;;;白
衛署藥製字第045826號,膠囊,白;;;白
衛署藥製字第045827號,膠囊,綠;;;透明
衛署藥製字第045847號,橢圓形,白
衛署藥製字第045855號,膠囊,橘;;;棕
衛署藥製字第045862號,圓形;;;圓形,灰;;;白
衛署藥製字第045863號,圓形,白
衛署藥製字第045885號,四邊形,白
衛署藥製字第045891號,圓形,黃
衛署藥製字第045892號,圓形,粉
衛署藥製字第045921號,圓形,棕
衛署藥製字第045923號,橢圓形,白
衛署藥製字第045926號,膠囊,白;;;白
衛署藥製字第045950號,圓形,白
衛署藥製字第045954號,膠囊,綠;;;透明
衛署藥製字第045955號,圓形,白
衛署藥製字第045956號,圓形,白
衛署藥製字第045959號,圓形,白;;;白
衛署藥製字第045965號,膠囊,藍;;;藍
衛署藥製字第045967號,圓形,白;;;白
衛署藥製字第045971號,三角形,白
衛署藥製字第045972號,圓形,白
衛署藥製字第045974號,膠囊,紅;;;紅
衛署藥製字第045993號,圓形,白
衛署藥製字第046013號,橢圓形,白
衛署藥製字第048816號,圓形,黃
衛署藥製字第048844號,膠囊,紅;;;紅
衛署藥製字第048855號,橢圓形,黃
衛署藥製字第048863號,橢圓形,白
衛署藥製字第048865號,圓形,藍
衛署藥製字第048867號,圓形,白
衛署藥製字第048878號,橢圓形,白
衛署藥製字第048879號,橢圓形,白
衛署藥製字第048892號,膠囊,橘;;;橘
衛署藥製字第048895號,橢圓形,黃
衛署藥製字第048898號,圓形,白
衛署藥製字第048905號,其他,黃
衛署藥製字第048908號,圓形,橘
衛署藥製字第048910號,橢圓形,白
衛署藥製字第048938號,圓形,白
衛署藥製字第048969號,膠囊,橘;;;白
衛署藥製字第048972號,橢圓形,白
衛署藥製字第048990號,橢圓形,黃
衛署藥製字第048994號,八邊形,白
衛署藥製字第048996號,四邊形,白
衛署藥製字第048997號,圓形,白
衛署藥製字第049011號,圓形,紫
衛署藥製字第049012號,四邊形,黃
衛署藥製字第049018號,橢圓形,黃
衛署藥製字第049020號,橢圓形,棕
衛署藥製字第049021號,橢圓形,黃
衛署藥製字第049051號,膠囊,粉;;;粉
衛署藥製字第049055號,膠囊,棕;;;粉
衛署藥製字第049056號,圓形,粉
衛署藥製字第049059號,橢圓形,橘
衛署藥製字第049073號,四邊形,黃
衛署藥製字第049078號,橢圓形,紅
衛署藥製字第049085號,圓形,白
衛署藥製字第049089號,圓形,黃
衛署藥製字第049091號,液劑(包含糖漿用粉劑),棕
衛署藥製字第049092號,圓形,黃
衛署藥製字第049097號,圓形,白
衛署藥製字第049099號,圓形,藍
衛署藥製字第049101號,膠囊,藍綠;;;黃
衛署藥製字第049105號,橢圓形,白
衛署藥製字第049109號,圓形,白
衛署藥製字第049110號,圓形,白
衛署藥製字第049111號,圓形,黃
衛署藥製字第049112號,圓形,白
衛署藥製字第049113號,橢圓形,粉
衛署藥製字第049114號,橢圓形,白
衛署藥製字第049116號,圓形,白
衛署藥製字第049119號,圓形,白
衛署藥製字第049142號,四邊形,橘
衛署藥製字第049143號,橢圓形,黃
衛署藥製字第049146號,圓形,黃
衛署藥製字第049153號,橢圓形,黃
衛署藥製字第049165號,橢圓形,黃
衛署藥製字第049170號,膠囊,綠;;;透明
衛署藥製字第049176號,圓形,黃
衛署藥製字第049178號,四邊形,白
衛署藥製字第049184號,圓形,黃
衛署藥製字第049188號,四邊形,粉
衛署藥製字第049189號,圓形,白
衛署藥製字第049193號,圓形,白
衛署藥製字第049202號,膠囊,紅;;;黃
衛署藥製字第049204號,圓形,白
衛署藥製字第049217號,四邊形,白
衛署藥製字第049218號,顆粒劑、粉劑或散劑,白
衛署藥製字第049223號,圓形,棕
衛署藥製字第049225號,橢圓形,白
衛署藥製字第049226號,橢圓形,白
衛署藥製字第049236號,圓形,白
衛署藥製字第049240號,橢圓形,黃
衛署藥製字第049242號,四邊形,橘
衛署藥製字第049261號,膠囊,紅;;;黃
衛署藥製字第049263號,膠囊,紫;;;粉
衛署藥製字第049273號,膠囊,藍;;;白
衛署藥製字第049278號,圓形,粉
衛署藥製字第049283號,圓形,黃
衛署藥製字第049288號,橢圓形,白
衛署藥製字第049316號,圓形,白
衛署藥製字第049322號,圓形,紫
衛署藥製字第049333號,橢圓形,白
衛署藥製字第049342號,圓形,白
衛署藥製字第049344號,圓形,粉
衛署藥製字第049345號,圓形,白
衛署藥製字第049348號,圓形,黃
衛署藥製字第049358號,圓形,黃
衛署藥製字第049360號,橢圓形,橘
衛署藥製字第049362號,圓形,白
衛署藥製字第049372號,橢圓形,黃
衛署藥製字第049374號,橢圓形;;;橢圓形,白;;;白
衛署藥製字第049388號,顆粒劑、粉劑或散劑,白
衛署藥製字第049397號,圓形,橘
衛署藥製字第049416號,顆粒劑、粉劑或散劑,白
衛署藥製字第049421號,圓形,黃
衛署藥製字第049423號,膠囊,綠;;;藍綠
衛署藥製字第049428號,圓形,紅
衛署藥製字第049433號,圓形,粉
衛署藥製字第049446號,橢圓形,白
衛署藥製字第049450號,圓形,白
衛署藥製字第049452號,橢圓形,粉
衛署藥製字第049453號,膠囊,粉;;;粉
衛署藥製字第049454號,橢圓形,黃
衛署藥製字第049457號,四邊形,白
衛署藥製字第049461號,橢圓形,橘
衛署藥製字第049462號,膠囊,橘;;;黃
衛署藥製字第049465號,膠囊,黃;;;黃
衛署藥製字第049466號,橢圓形,白
衛署藥製字第049492號,圓形,粉
衛署藥製字第049493號,圓形,白
衛署藥製字第049496號,圓形,黃
衛署藥製字第049500號,圓形,白
衛署藥製字第049502號,膠囊,白;;;白
衛署藥製字第049503號,橢圓形,黃
衛署藥製字第049504號,圓形,白
衛署藥製字第049514號,橢圓形,橘
衛署藥製字第049517號,橢圓形,白
衛署藥製字第049521號,橢圓形,粉
衛署藥製字第049522號,橢圓形,黃
衛署藥製字第049525號,膠囊,白
衛署藥製字第049526號,圓形,橘
衛署藥製字第049543號,橢圓形,白
衛署藥製字第049544號,其他,黃
衛署藥製字第049547號,膠囊,白
衛署藥製字第049551號,膠囊,橘;;;橘
衛署藥製字第049556號,橢圓形,黃
衛署藥製字第049560號,圓形,白
衛署藥製字第049564號,圓形,紅
衛署藥製字第049568號,圓形,黃
衛署藥製字第049574號,圓形,粉
衛署藥製字第049577號,圓形,紅
衛署藥製字第049579號,圓形,白
衛署藥製字第049583號,膠囊,粉
衛署藥製字第049593號,橢圓形,白
衛署藥製字第049596號,膠囊;;;膠囊,綠;;;綠;;;綠;;;綠
衛署藥製字第049599號,圓形,白
衛署藥製字第049605號,膠囊,粉;;;粉
衛署藥製字第049610號,橢圓形,白
衛署藥製字第049619號,橢圓形,白
衛署藥製字第049621號,橢圓形,橘
衛署藥製字第049623號,其他,橘
衛署藥製字第049628號,液劑(包含糖漿用粉劑),黃
衛署藥製字第049629號,橢圓形,白
衛署藥製字第049641號,膠囊,紅;;;白
衛署藥製字第049653號,圓形,黃
衛署藥製字第049657號,圓形,白
衛署藥製字第049661號,橢圓形,橘
衛署藥製字第049663號,圓形,白
衛署藥製字第049669號,四邊形,白
衛署藥製字第049696號,四邊形,粉
衛署藥製字第049697號,圓形,黃
衛署藥製字第049704號,橢圓形,白
衛署藥製字第049707號,膠囊,白;;;白
衛署藥製字第049719號,圓形,橘
衛署藥製字第049720號,膠囊,橘;;;黃
衛署藥製字第049741號,圓形,白
衛署藥製字第049743號,,
衛署藥製字第049755號,四邊形,白
衛署藥製字第049756號,四邊形,白
衛署藥製字第049763號,圓形,黃
衛署藥製字第049764號,圓形,黃
衛署藥製字第049766號,圓形,白
衛署藥製字第049767號,圓形,橘
衛署藥製字第049769號,四邊形,黃
衛署藥製字第049787號,橢圓形,白
衛署藥製字第049792號,四邊形,粉
衛署藥製字第049798號,六邊形,棕
衛署藥製字第049805號,膠囊,粉;;;粉
衛署藥製字第049808號,膠囊,橘;;;橘
衛署藥製字第049816號,橢圓形,白
衛署藥製字第049829號,圓形,白
衛署藥製字第049835號,橢圓形,白
衛署藥製字第049840號,圓形,黃
衛署藥輸字第023071號,圓形,白
衛署藥輸字第023078號,橢圓形,黃
衛署藥輸字第023086號,膠囊,黃;;;黃
衛署藥輸字第023097號,圓形,白
衛署藥輸字第023109號,橢圓形,橘
衛署藥輸字第023128號,圓形,粉
衛署藥輸字第023135號,膠囊,綠;;;粉
衛署藥輸字第023161號,橢圓形,白
衛署藥輸字第023162號,橢圓形,白
衛署藥輸字第023177號,膠囊,白;;;白
衛署藥輸字第023179號,圓形,白
衛署藥輸字第023181號,橢圓形,白
衛署藥輸字第023186號,,
衛署藥輸字第023215號,膠囊,綠;;;橘
衛署藥輸字第023220號,橢圓形,棕
衛署藥輸字第023221號,橢圓形,粉
衛署藥輸字第023223號,橢圓形,紅;;;紅
衛署藥輸字第023232號,四邊形,紅
衛署藥輸字第023238號,圓形,白
衛署藥輸字第023248號,橢圓形,棕
衛署藥輸字第023253號,膠囊,黃;;;灰
衛署藥輸字第023257號,橢圓形,白
衛署藥輸字第023266號,橢圓形,橘
衛署藥輸字第023267號,橢圓形,粉
衛署藥輸字第023280號,橢圓形,白
衛署藥輸字第023282號,圓形,白
衛署藥輸字第023293號,圓形,黃
衛署藥輸字第023313號,,
衛署藥輸字第023323號,膠囊,黃;;;白
衛署藥輸字第023324號,膠囊,粉;;;白
衛署藥輸字第023338號,圓形,黃;;;黃
衛署藥輸字第023349號,顆粒劑、粉劑或散劑,白;;;藍
衛署藥輸字第023363號,三角形,白
衛署藥輸字第023373號,圓形,橘
衛署藥輸字第023374號,橢圓形,黃
衛署藥輸字第023381號,膠囊,透明;;;白
衛署藥輸字第023398號,橢圓形,紫
衛署藥輸字第023462號,顆粒劑、粉劑或散劑,白;;;粉
衛署藥輸字第023470號,膠囊,白;;;白
衛署藥輸字第023471號,膠囊,藍;;;藍
衛署藥輸字第023484號,膠囊,白;;;白
衛署藥輸字第023488號,圓形,白
衛署藥輸字第023492號,圓形,白
衛署藥輸字第023493號,圓形,白
衛署藥輸字第023503號,橢圓形,白
衛署藥輸字第023518號,橢圓形,黃
衛署藥輸字第023522號,橢圓形,粉
衛署藥輸字第023524號,橢圓形,黃
衛署藥輸字第023538號,液劑(包含糖漿用粉劑),白;;;棕
衛署藥輸字第023548號,圓形,白
衛署藥輸字第023556號,圓形,黃
衛署藥輸字第023565號,圓形,綠;;;綠
衛署藥輸字第023568號,膠囊,藍;;;藍
衛署藥輸字第023571號,膠囊,粉;;;粉
衛署藥輸字第023572號,圓形,粉
衛署藥輸字第023573號,圓形,藍
衛署藥輸字第023596號,橢圓形,黃
衛署藥輸字第023603號,雙圓形,白
衛署藥輸字第023615號,圓形,白
衛署藥輸字第023624號,橢圓形,白
衛署藥輸字第023646號,橢圓形,白
衛署藥輸字第023647號,圓形,白
衛署藥輸字第023649號,橢圓形,白;;;紅
衛署藥輸字第023654號,橢圓形,白;;;紅
衛署藥輸字第023655號,水滴形,白
衛署藥輸字第023661號,圓形,白
衛署藥輸字第023670號,圓形,白
衛署藥輸字第023672號,膠囊,白
衛署藥輸字第023696號,圓形,黃
衛署藥輸字第023708號,圓形,白
衛署藥輸字第023711號,圓形,白
衛署藥輸字第023731號,四邊形,黃
衛署藥輸字第023737號,圓形,黃
衛署藥輸字第023738號,橢圓形,粉
衛署藥輸字第023761號,橢圓形,白
衛署藥輸字第023770號,橢圓形,白
衛署藥輸字第023784號,四邊形,黃;;;白
衛署藥輸字第023792號,橢圓形,白
衛署藥輸字第023794號,液劑(包含糖漿用粉劑),白
衛署藥輸字第023808號,圓形,棕
衛署藥輸字第023880號,橢圓形,白
衛署藥輸字第023889號,橢圓形,黃
衛署藥輸字第023912號,圓形,黃
衛署藥輸字第023913號,圓形,黃
衛署藥輸字第023935號,顆粒劑、粉劑或散劑,黃
衛署藥輸字第023952號,膠囊,黃
衛署藥輸字第023983號,四邊形,綠
衛署藥輸字第023985號,膠囊,白;;;白
衛署藥輸字第023986號,膠囊,粉;;;白
衛署藥輸字第023999號,橢圓形,灰
衛署藥輸字第024006號,四邊形,黃
衛署藥輸字第024023號,橢圓形,白
衛署藥輸字第024025號,圓形,白;;;白
衛署藥輸字第024027號,圓形,橘
衛署藥輸字第024039號,圓形,白
衛署藥輸字第024046號,四邊形,藍
衛署藥輸字第024047號,四邊形,粉
衛署藥輸字第024048號,圓形,黃
衛署藥輸字第024050號,圓形,粉
衛署藥輸字第024058號,橢圓形,白
衛署藥輸字第024071號,橢圓形,粉
衛署藥輸字第024072號,圓形,橘
衛署藥輸字第024129號,圓形,粉
衛署藥輸字第024131號,圓形,粉
衛署藥輸字第024171號,橢圓形,紅
衛署藥輸字第024183號,橢圓形,白
衛署藥輸字第024189號,橢圓形,白
衛署藥輸字第024205號,橢圓形,白
衛署藥輸字第024215號,四邊形,紫;;;紫
衛署藥輸字第024229號,橢圓形,紅
衛署藥輸字第024239號,膠囊,藍;;;綠
衛署藥輸字第024240號,膠囊,藍;;;白
衛署藥輸字第024250號,橢圓形,白
衛署藥輸字第024256號,圓形,黃
衛署藥輸字第024257號,膠囊,紅;;;黃
衛署藥輸字第024268號,膠囊,橘
衛署藥輸字第024269號,膠囊,黃
衛署藥輸字第024272號,圓形,白
衛署藥輸字第024273號,圓形,白
衛署藥輸字第024274號,膠囊,粉;;;粉
衛署藥輸字第024275號,膠囊,白;;;白
衛署藥輸字第024285號,膠囊,橘
衛署藥輸字第024303號,膠囊,白
衛署藥輸字第024306號,四邊形,黃
衛署藥輸字第024320號,圓形,黃
衛署藥輸字第024368號,橢圓形,白
衛署藥輸字第024379號,橢圓形,白
衛署藥輸字第024380號,三角形,粉
衛署藥輸字第024389號,四邊形,橘
衛署藥輸字第024391號,橢圓形,白
衛署藥輸字第024392號,橢圓形,白
衛署藥輸字第024403號,圓形,白
衛署藥輸字第024405號,橢圓形,藍
衛署藥輸字第024408號,橢圓形,白
衛署藥輸字第024416號,其他,
衛署藥輸字第024421號,膠囊,灰;;;粉
衛署藥輸字第024428號,膠囊,黃;;;白
衛署藥輸字第024430號,液劑(包含糖漿用粉劑),黃
衛署藥輸字第024437號,圓形,黃;;;黃
衛署藥輸字第024444號,四邊形,粉
衛署藥輸字第024457號,四邊形,白
衛署藥輸字第024460號,橢圓形,粉
衛署藥輸字第024464號,橢圓形,橘
衛署藥輸字第024468號,三角形,粉
衛署藥輸字第024469號,三角形,白
衛署藥輸字第024488號,圓形,粉
衛署藥輸字第024494號,圓形,白
衛署藥輸字第024496號,圓形,白
衛署藥輸字第024497號,圓形,白
衛署藥輸字第024499號,四邊形,白
衛署藥輸字第024509號,,
衛署藥輸字第024512號,膠囊,橘
衛署藥輸字第024525號,膠囊,紫
衛署藥輸字第024530號,橢圓形,紅;;;棕
衛署藥輸字第024592號,橢圓形,粉
衛署藥輸字第024593號,膠囊,橘;;;橘
衛署藥輸字第024597號,圓形,黃
衛署藥輸字第024598號,膠囊,透明
衛署藥輸字第024601號,橢圓形,粉
衛署藥輸字第024603號,圓形,白
衛署藥輸字第024611號,四邊形,紅
衛署藥輸字第024614號,橢圓形,橘
衛署藥輸字第024617號,其他,;;;
衛署藥輸字第024622號,圓形,白
衛署藥輸字第024626號,橢圓形,藍
衛署藥輸字第024629號,圓形,白
衛署藥輸字第024637號,圓形,白
衛署藥輸字第024643號,橢圓形,白
衛署藥輸字第024645號,橢圓形,黃
衛署藥輸字第024648號,橢圓形,藍
衛署藥輸字第024649號,橢圓形,白
衛署藥輸字第024655號,橢圓形,紫
衛署藥輸字第024662號,橢圓形,白
衛署藥輸字第024668號,圓形,棕
衛署藥輸字第024677號,圓形,橘
內衛藥製字第004971號,圓形;;;圓形,綠;;;白
衛部藥製字第059006號,圓形;;;圓形;;;圓形,綠;;;藍;;;粉
衛部藥製字第060315號,圓形;;;圓形,粉;;;黃
衛部藥製字第060322號,圓形;;;圓形,粉;;;黃
衛部藥製字第060888號,橢圓形;;;橢圓形,白;;;白
衛部藥輸字第027209號,四邊形;;;四邊形,粉;;;粉
衛部藥輸字第027226號,圓形;;;圓形,白;;;粉
衛部藥輸字第028226號,圓形;;;圓形,白;;;橘
衛部藥輸字第028474號,四邊形;;;橢圓形,白;;;粉
衛署藥製字第000188號,圓形;;;圓形;;;圓形;;;圓形,粉;;;綠;;;黃;;;橘
衛署藥製字第000415號,圓形;;;圓形;;;圓形;;;圓形,粉;;;黃;;;橘;;;白
衛署藥製字第003369號,圓形;;;圓形,紫;;;藍
衛署藥製字第015346號,圓形;;;圓形,黃;;;白
衛署藥製字第021242號,液劑(包含糖漿用粉劑);;;液劑(包含糖漿用粉劑),紫;;;橘
衛署藥製字第021710號,橢圓形;;;橢圓形;;;橢圓形;;;橢圓形,白;;;紅;;;白;;;粉
衛署藥製字第023866號,圓形;;;圓形,橘;;;黃
衛署藥製字第030762號,圓形;;;圓形;;;圓形;;;圓形,白;;;黃;;;白;;;棕
衛署藥製字第031016號,液劑(包含糖漿用粉劑);;;液劑(包含糖漿用粉劑);;;液劑(包含糖漿用粉劑),橘;;;橘;;;棕
衛署藥製字第031284號,圓形;;;圓形,白;;;白
衛署藥製字第032499號,圓形;;;圓形,白;;;粉;;;白;;;黃
衛署藥製字第035434號,膠囊;;;膠囊,棕;;;棕;;;黃;;;黃
衛署藥製字第038091號,圓形;;;圓形,藍;;;白
衛署藥製字第040131號,顆粒劑、粉劑或散劑;;;顆粒劑、粉劑或散劑;;;顆粒劑、粉劑或散劑;;;顆粒劑、粉劑或散劑,橘;;;紫;;;橘;;;紫
衛署藥製字第040196號,圓形;;;圓形,藍;;;白
衛署藥製字第040818號,圓形;;;圓形;;;圓形,白;;;藍;;;綠
衛署藥製字第042498號,圓形;;;圓形,黃;;;黃
衛署藥製字第042536號,圓形;;;圓形;;;圓形,白;;;藍;;;橘
衛署藥製字第042570號,膠囊;;;膠囊;;;膠囊,粉;;;粉;;;藍綠;;;藍綠;;;綠;;;白
衛署藥製字第045389號,液劑(包含糖漿用粉劑);;;液劑(包含糖漿用粉劑);;;液劑(包含糖漿用粉劑);;;液劑(包含糖漿用粉劑);;;液劑(包含糖漿用粉劑),透明;;;透明;;;綠;;;紫;;;透明
衛署藥製字第047612號,圓形;;;圓形;;;圓形;;;圓形,藍;;;綠;;;藍;;;綠
衛署藥製字第048929號,橢圓形,橘
衛署藥製字第050089號,圓形;;;圓形;;;圓形,粉;;;白;;;藍
衛署藥製字第056766號,圓形;;;圓形,黃;;;黃
衛署藥輸字第022195號,圓形;;;橢圓形,紅;;;紅
衛署藥輸字第024907號,圓形;;;圓形,白;;;白;;;粉;;;粉
內衛藥製字第001097號,膠囊,白;;;白
內衛藥製字第011066號,橢圓形,白
衛部藥製字第062069號,圓形,白
衛部藥輸字第027693號,橢圓形,白;;;白
衛部藥輸字第029076號,膠囊,紅;;;綠
衛署藥製字第038180號,膠囊,白;;;白
衛署藥製字第041226號,膠囊,橘;;;黃
衛署藥製字第041654號,膠囊,紅;;;透明
衛署藥製字第041955號,膠囊,紅;;;白
衛署藥製字第043663號,膠囊,紫;;;透明
衛署藥製字第045416號,圓形,白;;;白
衛署藥製字第054985號,膠囊,橘;;;透明
衛署藥製字第057126號,橢圓形,黃;;;黃
衛署藥製字第057923號,橢圓形,橘;;;橘
